scaler,nCluster,noise_percentage,AUCROC,AUCPR,Accuracy,MCC,F1 Score,Precision,Recall,Time Train,Time Test
MinMaxScaler,1,0,92.00508411022359,99.73792266253218,84.27064143359571,0.3664047681271261,0.9117558628983764,0.9999175665649987,0.8378807764039511,3.4543018341064453,0.21750974655151367
MinMaxScaler,4,0,93.06172974284979,99.77002536515423,86.0425389382013,0.3871188312198164,0.9224816296158497,0.9997177533163986,0.8563238239966844,3.8561863899230957,0.32075953483581543
MinMaxScaler,7,0,93.84612102767473,99.79772691148924,86.29710266287054,0.3893783436281083,0.9240113676467857,0.9995981191978459,0.859052289839055,6.633852481842041,0.35579609870910645
MinMaxScaler,10,0,93.39534860186585,99.78311894057246,86.30380170825657,0.3899038566296493,0.9240485168192879,0.9996383072780614,0.8590868273813635,6.450502157211304,0.3689005374908447
MinMaxScaler,13,0,93.99910777376829,99.80481504280947,86.79283202143695,0.3943428998562806,0.9269747198814705,0.9994009823888822,0.864336533812254,5.910373210906982,0.3133232593536377
MinMaxScaler,16,0,94.0957975592499,99.80810314757294,86.19326745938703,0.38835229933526766,0.9233885956434466,0.9996378269617706,0.8579470884851834,7.389676570892334,0.17455244064331055
MinMaxScaler,19,0,94.25072967745461,99.81284655608718,85.65399430581142,0.38141032553223525,0.9201543595384127,0.9996759428039049,0.8523520066312081,7.637756109237671,0.3211843967437744
MinMaxScaler,22,0,93.75809629373455,99.79732172320465,85.59370289733714,0.3810335617235035,0.9197888886816732,0.9997162200510804,0.8516957933273468,5.854526042938232,0.21832799911499023
MinMaxScaler,25,0,93.89020910124421,99.80161856369511,86.38084073019596,0.39056231817830117,0.9245107868255913,0.9995985225630319,0.8599157283967673,9.296032190322876,0.24502992630004883
MinMaxScaler,28,0,94.08172954812092,99.807498910215,85.39608105844917,0.3797025899930506,0.9185898872208529,0.9998374115925535,0.8495544657042204,8.965695142745972,0.1862010955810547
MinMaxScaler,31,0,94.21820075580868,99.8122376210371,85.61714955618824,0.38220103898726976,0.9199239146650754,0.9997973246858533,0.8518684810388892,2.3008978366851807,0.24173760414123535
MinMaxScaler,34,0,93.94114526796955,99.80329551330695,86.0827332105175,0.38767475442168503,0.9227221157959343,0.9997178898158223,0.8567382745043862,6.235291242599487,0.18027353286743164
MinMaxScaler,37,0,94.30307264529286,99.81475010211676,85.55015910232791,0.38173633261900014,0.9195179284355062,0.9998377150275884,0.851143192650411,8.682590246200562,0.21221041679382324
MinMaxScaler,40,0,94.43375565221639,99.81909304697807,86.58851113716295,0.3922369802938437,0.9257556091229372,0.9994795003203075,0.8621606686468191,8.291069269180298,0.29462242126464844
MinMaxScaler,43,0,93.97183806500217,99.8042208863211,86.26025791324736,0.38929092407683075,0.9237886444708681,0.9996381182147165,0.8586378393313532,7.70848822593689,0.370119571685791
MinMaxScaler,46,0,94.31258292747569,99.81530294681562,86.70909395411154,0.39268484134524834,0.9264803972430149,0.9993604604684627,0.8635076327968502,7.63216495513916,0.3284780979156494
MinMaxScaler,49,0,94.25754902126891,99.81496537056488,85.25540110534249,0.3782928306553182,0.9177380774405741,0.9998778402150013,0.8480693513849554,6.148128271102905,0.36742591857910156
MinMaxScaler,52,0,94.34099877665803,99.81761070252274,85.70423714620667,0.383367510442565,0.9204473438956198,0.9997975380628442,0.85276645713891,7.486055374145508,0.36719799041748047
MinMaxScaler,55,0,94.08509513770437,99.80945795890226,85.74778094121588,0.3835257619079414,0.9207118233485512,0.999757193152847,0.8532499827312289,7.4594926834106445,0.21458911895751953
MinMaxScaler,58,0,94.4612515224693,99.82152731323336,86.71914252219058,0.39326502893480514,0.9265373427454467,0.9994004556537032,0.8635767078814671,7.748401641845703,0.22590017318725586
MinMaxScaler,61,0,94.3505627242784,99.81783273983407,85.93535421202478,0.3852161831920533,0.9218427175430433,0.9996770417019902,0.8552531601851212,9.124573230743408,0.3640024662017822
MinMaxScaler,64,0,94.31259826045783,99.81675889236728,86.87322056606934,0.3959610553697388,0.9274487661291816,0.9994414076527152,0.8651308972853492,8.914034366607666,0.3295931816101074
MinMaxScaler,67,0,94.39512612029476,99.81938902310303,86.09948082398257,0.3870469906196505,0.9228280273728057,0.9996374184191443,0.8569800373005457,6.298574686050415,0.22278976440429688
MinMaxScaler,70,0,94.34444294777502,99.81774458323807,86.08943225590353,0.3869077375910563,0.922767931861715,0.9996373745920464,0.8568764246736202,7.900098085403442,0.2758829593658447
MinMaxScaler,73,0,94.34738879697191,99.81778216382628,86.33059788980071,0.3898509328391068,0.9242111909669991,0.9995982806411441,0.8593976652621399,6.970883369445801,0.2566945552825928
MinMaxScaler,76,0,94.49852216884726,99.82277298896132,86.68899681795345,0.3928260577014551,0.9263583129493737,0.9994002399040384,0.8632658700006908,8.966897010803223,0.3549785614013672
MinMaxScaler,79,0,94.28531705195512,99.81595390266132,85.96215039356892,0.3860124936065987,0.9220003350021403,0.9997174799208943,0.8554949229812806,7.719426393508911,0.23748397827148438
MinMaxScaler,82,0,94.41047251881109,99.82005393404714,87.14453190420365,0.3978398944961703,0.9290677903452355,0.9992446529379025,0.8681011259238792,7.0629589557647705,0.23217225074768066
MinMaxScaler,85,0,94.36668535501641,99.81867644784448,86.2870540947915,0.38923682580943764,0.9239514061745365,0.9995980707395499,0.8589486772121295,6.206659555435181,0.23698711395263672
MinMaxScaler,88,0,94.75401565052822,99.83097586326683,86.45787975213533,0.39209081335176554,0.9249670582558507,0.9996389746881142,0.860675554327554,6.880245685577393,0.382861852645874
MinMaxScaler,91,0,94.48782358054726,99.8223289282305,86.65550159102328,0.39277300788448183,0.9261565836298933,0.9994399551964157,0.8628859570352974,7.888176202774048,0.37026381492614746
MinMaxScaler,94,0,94.4347695456615,99.82043725155827,85.57360576117902,0.3816208555215174,0.9196620096621962,0.9997972178286085,0.8514194929888789,5.7345030307769775,0.21319961547851562
MinMaxScaler,97,0,94.30277748538633,99.81627504530036,86.32054932172166,0.3892777198658724,0.9241540690116258,0.9995580909529166,0.8593285901775229,5.405939817428589,0.21294450759887695
MinMaxScaler,100,0,94.54173817905657,99.82412015408109,85.71428571428571,0.38307472251516844,0.9205106700214333,0.9997570948544593,0.852904607308144,6.85597562789917,0.41800522804260254
MinMaxScaler,103,0,94.7608426608336,99.83125271980113,86.45118070674928,0.39199513516988305,0.9249271542844416,0.9996389457215068,0.8606064792429371,6.352061033248901,0.21898913383483887
MinMaxScaler,106,0,94.49400660560205,99.82283994024989,86.38753977558198,0.39022578492506377,0.9245535217020012,0.9995584457289659,0.8600193410236927,7.406236410140991,0.3539090156555176
MinMaxScaler,109,0,94.53554748751071,99.82379918075507,86.32724836710769,0.3893722859256617,0.9241940276333382,0.9995581264561741,0.8593976652621399,7.3332953453063965,0.3051488399505615
MinMaxScaler,112,0,94.61052193701256,99.82627652512468,86.00569418857813,0.38532207644273614,0.9222697674418605,0.9995967091466366,0.8560475236582165,6.608439683914185,0.30301880836486816
MinMaxScaler,115,0,94.6180274317784,99.82656256147403,87.4627365600402,0.40096656663549424,0.9309549722381066,0.9990893613651661,0.8715203426124197,6.8777220249176025,0.22583961486816406
MinMaxScaler,118,0,94.47769997907814,99.82214200214996,86.28035504940546,0.38914254682720295,0.9239114281468271,0.9995980384275264,0.8588796021275126,6.701441287994385,0.22542381286621094
MinMaxScaler,121,0,94.58553684258786,99.82536369074596,87.55652319544464,0.40242977425877796,0.9315068493150684,0.9990903697844572,0.8724873937970574,7.837035417556763,0.20195388793945312
MinMaxScaler,124,0,94.66593916777326,99.8283464818432,86.390889298275,0.39027332888493443,0.924573486550207,0.9995584634528158,0.8600538785660012,6.446017742156982,0.19859886169433594
MinMaxScaler,127,0,94.71808280684344,99.83000391370669,86.70574443141852,0.39437022886864487,0.926449604358542,0.9995201727378143,0.8633349450853077,6.143434286117554,0.17483305931091309
MinMaxScaler,130,0,94.72394383927293,99.83012971156288,86.59855970524201,0.39368020454538355,0.925807109611141,0.9995995675329356,0.8621606686468191,5.960553884506226,0.14277195930480957
MinMaxScaler,133,0,94.77647846938812,99.83174431537691,86.48467593367945,0.3920421166874067,0.9251294231161746,0.9995990216127351,0.8609863922083305,6.446949243545532,0.2788083553314209
MinMaxScaler,136,0,94.66554242685994,99.8281158260915,86.85647295260426,0.3957136758812117,0.9273494778938014,0.9994412961928326,0.8649582095738068,7.134651184082031,0.23048067092895508
MinMaxScaler,139,0,94.75011723981481,99.83070478114686,86.96030815608776,0.39638351662037186,0.9279701000980628,0.9993623719762483,0.8660979484699869,6.563363313674927,0.32828783988952637
MinMaxScaler,142,0,94.36437007471072,99.8182207413136,85.59705242003015,0.38150564012508076,0.9198060425214473,0.9997567501824374,0.8516957933273468,6.721766948699951,0.3026459217071533
MinMaxScaler,145,0,94.76989295355172,99.8313032993567,86.58181209177692,0.39257312841263403,0.9257130141304751,0.9995194617972128,0.8620570560198936,8.0194993019104,0.24760818481445312
MinMaxScaler,148,0,94.74401471291635,99.83044440939783,86.8665215206833,0.3958620602061352,0.927409053040822,0.9994413630740991,0.8650618222007322,6.147001504898071,0.2112588882446289
MinMaxScaler,151,0,94.65786443604487,99.82777110375064,86.75933679450678,0.393852105587456,0.926775956284153,0.9994007430785825,0.8639911583891691,8.293349266052246,0.1922142505645752
MinMaxScaler,154,0,94.67040298220371,99.82832804327522,86.52487020599564,0.3921861889835587,0.9253714730925483,0.9995591712419348,0.8614353802583408,6.510515928268433,0.18620681762695312
MinMaxScaler,157,0,94.77471900968561,99.83175739860542,87.03399765533412,0.39835444692950905,0.9284009987977434,0.9994424754091832,0.8667886993161567,7.103516578674316,0.1465904712677002
MinMaxScaler,160,0,94.77852925575161,99.83174718839882,86.28035504940546,0.39000441357333127,0.9239057739466449,0.9996783790303128,0.8588105270428956,7.354936599731445,0.31485557556152344
MinMaxScaler,163,0,94.52744783968632,99.82362236600005,86.47797688829341,0.3915142127025321,0.9250923125452285,0.9995589237740086,0.860951854666022,7.372897386550903,0.23381304740905762
MinMaxScaler,166,0,94.63634651221038,99.82734747314215,87.76084407971864,0.4061012526653504,0.9327047036723268,0.9991319444444444,0.8745596463355667,8.017195463180542,0.229996919631958
MinMaxScaler,169,0,94.61806193098823,99.82650592589964,86.74593870373471,0.3932222727294229,0.9266991460274531,0.9993607415398138,0.8638875457622436,7.424667835235596,0.23768901824951172
MinMaxScaler,172,0,94.68211163070329,99.82858302409362,86.84307486183219,0.3950817737153673,0.9272727272727272,0.9994013409961686,0.8648545969468813,6.916086196899414,0.3322150707244873
MinMaxScaler,175,0,94.57115833857017,99.82502256641773,86.65215206833027,0.39229108423798786,0.9261394176412804,0.99939997599904,0.8628859570352974,7.99249005317688,0.3235914707183838
MinMaxScaler,178,0,94.56954837544372,99.82494106460865,85.59035337464411,0.3818437635057472,0.919762757385855,0.9997972589408807,0.8515921807004213,7.598691701889038,0.36753249168395996
MinMaxScaler,181,0,94.70674789978392,99.82948606777138,87.13783285881762,0.3994826221188353,0.9290177086029059,0.9994034362074451,0.8678939006700284,6.124543905258179,0.17131853103637695
MinMaxScaler,184,0,94.72645078185559,99.83027943556033,87.02729860994808,0.397818901828607,0.9283640062887265,0.9994026522241248,0.8667541617738481,5.976210117340088,0.3978769779205322
MinMaxScaler,187,0,94.59541511634244,99.8259092330118,85.99229609780606,0.3859970970785289,0.9221837668862343,0.999677263191867,0.8558402984043656,6.7627973556518555,0.25115513801574707
MinMaxScaler,190,0,94.77131125440124,99.8315230429012,86.77273488527885,0.39448217336198804,0.9268527608498343,0.9994407382255422,0.8640947710160944,5.95430064201355,0.3418617248535156
MinMaxScaler,193,0,94.95608518912888,99.83719028334095,86.75263774912075,0.39375411761475715,0.9267361947279699,0.9994006951935754,0.863922083304552,5.653759002685547,0.33639073371887207
MinMaxScaler,196,0,94.75350391224873,99.83081475164708,85.97219896164796,0.3857210634864082,0.9220634211701653,0.999677185053668,0.8556330731505146,7.803283214569092,0.20062637329101562
MinMaxScaler,199,0,94.55562986089075,99.82474739697548,86.05258750628036,0.38682794249320296,0.9225446428571429,0.9996774973796662,0.8564619741659184,6.567054748535156,0.2577018737792969
MinMaxScaler,202,0,94.73814218075024,99.83028322173934,86.73254061296265,0.39389422293711523,0.9266141732283465,0.9994404700051956,0.8636803205083926,7.348360061645508,0.3731253147125244
MinMaxScaler,205,0,94.73160649710587,99.82999215365209,86.07938368782449,0.3871985355620592,0.9227049546198482,0.9996776013540744,0.8567382745043862,9.047184705734253,0.29224133491516113
MinMaxScaler,208,0,94.83203369698823,99.83333063608035,86.08943225590353,0.3869077375910563,0.922767931861715,0.9996373745920464,0.8568764246736202,7.4088170528411865,0.3267810344696045
MinMaxScaler,211,0,94.66803403646045,99.82791203068984,86.63205493217217,0.3919999945656804,0.9260199825754908,0.9993998319529468,0.8626787317814464,8.144346714019775,0.37425851821899414
MinMaxScaler,214,0,94.611882739179,99.82631946724318,85.85161614469938,0.38493179001900735,0.9213349225268176,0.9997574973728882,0.854320646542792,7.742859125137329,0.3244621753692627
MinMaxScaler,217,0,94.9437651379658,99.83683127767816,86.91676436107855,0.3957365905176672,0.9277121812192324,0.9993620414673047,0.8656489604199765,7.570955276489258,0.3055253028869629
MinMaxScaler,220,0,94.67606660248791,99.82857369790509,86.27365600401943,0.3899101246265432,0.923865789767027,0.9996783531682213,0.8587414519582787,8.162324666976929,0.1812915802001953
MinMaxScaler,223,0,94.64705276700145,99.82737594416132,86.06933511974543,0.3861995764356856,0.9226505979281743,0.999597017932702,0.8567037369620778,5.487669467926025,0.1908094882965088
MinMaxScaler,226,0,94.66619407860162,99.82832645495593,86.13632557360576,0.38755857825778023,0.923048320226077,0.9996375790279064,0.857359950265939,6.552548170089722,0.24840235710144043
MinMaxScaler,229,0,94.79276976292988,99.83216887990221,86.9301624518506,0.39723941175670663,0.9277835356825584,0.999481617353856,0.865683497962285,7.171818733215332,0.29081130027770996
MinMaxScaler,232,0,94.48124956444748,99.822129456329,86.78613297605091,0.3933762918057769,0.9269403855769764,0.9993211675917422,0.864336533812254,7.513803243637085,0.3550703525543213
MinMaxScaler,235,0,94.75000224244864,99.8309845109,86.35404454865181,0.3910450971672861,0.9243454038997214,0.9996786632390745,0.8595703529736823,9.699686527252197,0.27112364768981934
MinMaxScaler,238,0,94.52167497190422,99.8236479374366,86.89331770222744,0.39582388880451824,0.9275705691809347,0.9994016991743448,0.8653726600815086,8.661926031112671,0.3412768840789795
MinMaxScaler,241,0,94.66536034769683,99.82810245915942,86.3707921621169,0.3891248489152963,0.9244592963891209,0.9994781421861828,0.8599157283967673,4.166608810424805,0.2914845943450928
MinMaxScaler,244,0,94.35296616923151,99.81823330699159,86.22006364093117,0.38786558760947254,0.9235543332837818,0.9995575577186067,0.8582924639082683,6.545459508895874,0.32765889167785645
MinMaxScaler,247,0,94.88465649175083,99.83494277727878,86.64545302294422,0.39262731019120567,0.9260968692654173,0.9994398879775955,0.8627823444083719,7.095802307128906,0.1854093074798584
MinMaxScaler,250,0,94.66897893148587,99.82830470781443,86.68229777256741,0.3931621514551839,0.9263157894736842,0.9994401343677517,0.8631622573737653,7.05940055847168,0.17804288864135742
MinMaxScaler,253,0,94.77785077129117,99.83165828640395,86.08608273321052,0.3872913121518644,0.9227450251069369,0.9996776273372018,0.8568073495890033,9.797862529754639,0.36551642417907715
MinMaxScaler,256,0,94.54352447147785,99.82437853798662,86.98710433763188,0.39634765878483746,0.9281314168377823,0.9993227901047683,0.8664087863507632,6.946719169616699,0.24431276321411133
MinMaxScaler,259,0,94.47232960207768,99.82207090390278,86.4947245017585,0.3913216596720954,0.9251948051948052,0.9995189609556643,0.861159079919873,9.514451026916504,0.3405725955963135
MinMaxScaler,262,0,94.64264453463133,99.8276842128155,87.18137665382683,0.3997065101885293,0.9292776227523886,0.9993640446758615,0.8683774262623472,10.486698389053345,0.4032926559448242
MinMaxScaler,265,0,94.93016478279259,99.83655758527732,86.9301624518506,0.39593538166695885,0.9277915540915652,0.9993621431988519,0.8657871105892104,9.26201319694519,0.2576162815093994
MinMaxScaler,268,0,94.76550005416377,99.83126603860458,86.0224418020432,0.386841560247655,0.9223613462576048,0.9997176850171405,0.8561165987428334,8.972214460372925,0.44988441467285156
MinMaxScaler,271,0,94.58223641817858,99.82566545738175,85.6908390554346,0.3827597201561097,0.9203698180733672,0.9997570259982181,0.8526628445119845,6.714629888534546,0.17839407920837402
MinMaxScaler,274,0,94.233522238229,99.8144729480391,86.14972366437783,0.3868841266864185,0.9231341202714007,0.9995571836882573,0.85756717551979,6.722311735153198,0.242692232131958
MinMaxScaler,277,0,94.82789762505139,99.83347032837591,86.77943393066488,0.39501419628176737,0.926889806805342,0.9994806854951465,0.864129308558403,7.572370767593384,0.3973255157470703
MinMaxScaler,280,0,94.45626063677722,99.82141669175635,85.73438285044381,0.3833451995827582,0.9206313710143307,0.9997571538430404,0.8531118325619949,10.801712274551392,0.34807491302490234
MinMaxScaler,283,0,94.86568192633162,99.83443209057383,86.9100653156925,0.39563728239358226,0.9276724903760735,0.9993619905893611,0.8655798853353596,9.073222637176514,0.3627204895019531
MinMaxScaler,286,0,94.68156347659118,99.82874208545917,86.95360911070172,0.39715353033800993,0.9279250939101793,0.9994419420416949,0.8659597983007529,8.604066848754883,0.37900280952453613
MinMaxScaler,289,0,94.45903207330208,99.82152769708917,86.0425389382013,0.38668918137306985,0.9224845136447346,0.9996774583719711,0.8563583615389929,7.469890117645264,0.19314002990722656
MinMaxScaler,292,0,94.49886332770025,99.822956702363,86.03583989281528,0.3870263565221376,0.922441538146708,0.9997177305536513,0.8562547489120674,6.847462177276611,0.14702796936035156
MinMaxScaler,295,0,94.70483511025986,99.82935577643057,85.78797521353208,0.3840686255918639,0.920953108407698,0.9997573110059459,0.8536644332389307,7.633918046951294,0.234450101852417
MinMaxScaler,298,0,94.45133683288208,99.82149472504817,86.32054932172166,0.3905712606788232,0.924145616641902,0.999678534115567,0.8592249775505975,3.8730225563049316,0.22124814987182617
Normalizer,1,0,35.49523462414299,96.20517234942314,12.8454195277173,0.0412143866512759,0.1853985348444055,0.9909638554216867,0.1022656627754369,3.169750690460205,0.281710147857666
Normalizer,4,0,35.75625372926875,96.24944165004172,11.951096968681963,0.042066654029271636,0.16973563690344587,0.9926117473217584,0.09280237618291082,5.244612216949463,0.2204146385192871
Normalizer,7,0,34.82349284260226,96.20496974856506,12.26595210182549,0.04204262301549211,0.1752574073490979,0.9921568627450981,0.0961179802445258,4.6067094802856445,0.23058342933654785
Normalizer,10,0,34.58651585349857,96.18388741921471,13.51532406632055,0.039024864830357976,0.19708937122955408,0.9890761548064919,0.10944947157560268,3.805596351623535,0.19766640663146973
Normalizer,13,0,34.04157783439567,96.15704271951824,12.758331937698877,0.04211707239038083,0.1838179994986212,0.9915483434753212,0.1012986115907992,3.82119083404541,0.20719242095947266
Normalizer,16,0,33.99867806694334,96.18244419661896,12.242505442974377,0.04194781573668781,0.17485512723607963,0.9921372408863474,0.09587621744836637,4.685639381408691,0.2786543369293213
Normalizer,19,0,34.65500061830251,96.21364287178676,11.907553173672751,0.040578557916441084,0.16908884114747882,0.9918458117123795,0.09242246321751744,6.374794244766235,0.2776966094970703
Normalizer,22,0,35.07180090551992,96.23689516147074,11.468765700887623,0.04142352041698176,0.16126677878970583,0.9929660023446659,0.08775989500587138,5.872923374176025,0.34139037132263184
Normalizer,25,0,34.42835230930428,96.15919603753179,12.249204488360409,0.036832400965404445,0.17538558388416745,0.9893465909090909,0.09622159287145127,6.094505786895752,0.22910118103027344
Normalizer,28,0,34.0602917391182,96.16685107881256,12.219058784123263,0.041207681072026235,0.174504677607333,0.991765127103473,0.09566899219451544,5.883124351501465,0.20762109756469727
Normalizer,31,0,34.07089832952526,96.15529352409719,12.955953776586837,0.03731366645909038,0.18762699678014316,0.9887973640856672,0.10364716446777647,5.252196550369263,0.24631166458129883
Normalizer,34,0,34.20589757092597,96.16872918754538,12.406632054932173,0.04005298969589146,0.17787418655097614,0.990893169877408,0.09770670719071631,5.95109486579895,0.20392704010009766
Normalizer,37,0,34.31914314389153,96.17286841570684,12.728186233461733,0.03948198039860282,0.18351038826736862,0.9901927629354075,0.10112592387925676,6.766066312789917,0.25025033950805664
Normalizer,40,0,34.46710642170592,96.1951965796695,11.827164629040361,0.04090369341765668,0.1676468728261557,0.9921407185628742,0.09155902465980521,6.170034408569336,0.25966548919677734
Normalizer,43,0,34.353301194891635,96.19069451879074,12.554011053424889,0.04129235677637489,0.18033970675959937,0.9913703831549879,0.09919182150998135,9.029489755630493,0.40185546875
Normalizer,46,0,35.24139518791222,96.21757651784894,11.321386702394909,0.03743533759675462,0.1589631182693224,0.9908910891089109,0.0864129308558403,6.28273868560791,0.41713500022888184
Normalizer,49,0,33.6032442903616,96.13713807480664,11.813766538268297,0.03756060336601535,0.1676783004552352,0.9902912621359223,0.0915935622021137,6.795994520187378,0.3212394714355469
Normalizer,52,0,34.64176825470108,96.18266471658227,11.254396248534585,0.04053589208365881,0.15752488155426245,0.9927855711422846,0.08554949229812807,6.3355467319488525,0.2064368724822998
Normalizer,55,0,33.91277311778636,96.17168192618458,11.482163791659689,0.04147858433082971,0.16150014278008692,0.9929769801014436,0.08789804517510534,5.40033483505249,0.237440824508667
Normalizer,58,0,33.95783100247727,96.15395736149446,12.825322391559201,0.03613854622334573,0.18546569854782174,0.9883255503669113,0.10233473786005388,7.30620813369751,0.22995424270629883
Normalizer,61,0,34.32881442238702,96.19638790719407,13.411488862837045,0.038597922218075134,0.19534970585488842,0.9889694295619288,0.1083788077640395,6.864387512207031,0.4454305171966553
Normalizer,64,0,35.08577308551043,96.22596361577979,11.562552336292079,0.041807973491831726,0.16289908373228495,0.9930421337456513,0.08872694619050908,6.799785852432251,0.3054203987121582
Normalizer,67,0,33.58682074984876,96.138777594339,13.130128956623683,0.03374603787637479,0.19092185306504444,0.9867784585617543,0.10568487946397734,6.211348056793213,0.252826452255249
Normalizer,70,0,33.149175273388984,96.08916221827903,11.857310333277509,0.04168524820177353,0.16811557550659123,0.992534527808884,0.09183532499827313,5.6604743003845215,0.2766091823577881
Normalizer,73,0,34.153205777743665,96.17496525944908,13.294255568581478,0.038112842981127784,0.19338152810669326,0.9888463989802422,0.10716999378324238,5.079924821853638,0.21640324592590332
Normalizer,76,0,33.95371601339091,96.15033979735121,11.626193267459387,0.03807771043890128,0.1643228176865577,0.9908326967150497,0.08959038474822131,5.96563196182251,0.18955349922180176
Normalizer,79,0,34.81435246861396,96.19693089632399,13.026293753140179,0.03699151906722746,0.18886667499687618,0.9885546108567691,0.10440699039856324,5.998883962631226,0.35718870162963867
Normalizer,82,0,33.35420791079148,96.07933658280868,11.693183721319713,0.03968697292020393,0.16537925794605546,0.9916476841305999,0.09021206050977412,6.662698745727539,0.45533108711242676
Normalizer,85,0,34.774051641637236,96.169083938528,11.673086585161615,0.04159359973235753,0.1648720547251077,0.9927536231884058,0.08990122262899772,7.357040882110596,0.5570874214172363
Normalizer,88,0,34.67594547192888,96.1789394769865,12.79182716462904,0.04037056575398191,0.1845402154848409,0.9905850706119704,0.10174759964080957,5.767812013626099,0.200042724609375
Normalizer,91,0,35.06094132090728,96.2089697768619,12.088427399095629,0.043271749144048854,0.17205047318611988,0.9930808448652586,0.0941838778752504,6.7569661140441895,0.18327808380126953
Normalizer,94,0,34.85115929228167,96.18751035081267,12.209010216044213,0.04052156295556296,0.1743841743841744,0.9914040114613181,0.09559991710989846,6.878191709518433,0.18314242362976074
Normalizer,97,0,34.8981280498739,96.1916129772167,12.574108189582983,0.041373911435376595,0.1806824245848636,0.9913882190837066,0.09939904676383228,6.319000959396362,0.30499696731567383
Normalizer,100,0,34.788315148288724,96.15524296932762,12.966002344665887,0.03549938037809892,0.18794924682792674,0.9878449408672799,0.10385438972162742,5.462429523468018,0.38242411613464355
Normalizer,103,0,34.85817796486401,96.16413301169668,10.708424049572935,0.039617462368241416,0.14781663576497667,0.993127147766323,0.07985079781722733,6.229177713394165,0.42708539962768555
Normalizer,106,0,34.446909050959704,96.12945686643879,11.251046725841569,0.041882239085659245,0.15735911461646102,0.993574297188755,0.0854458796712026,6.014535665512085,0.3086874485015869
Normalizer,109,0,34.99223039461653,96.19632687891666,12.657846256908389,0.04171269303565101,0.18210902703719967,0.9914617486338798,0.10026248532154453,6.352029085159302,0.3749973773956299
Normalizer,112,0,34.268908461099876,96.12962573654858,11.086920113883773,0.03983348907007758,0.15459091053855217,0.992638036809816,0.0838226151827036,5.7394349575042725,0.21946930885314941
Normalizer,115,0,34.68379212554768,96.15352684062391,10.889298274995813,0.038300968318896324,0.15117095271520642,0.9920435510887772,0.08181943772881121,5.492396354675293,0.28511905670166016
Normalizer,118,0,34.83525132329386,96.14984191725084,11.076871545804723,0.03841985532177277,0.15452229299363057,0.9918233851185609,0.08378807764039511,5.725154161453247,0.20879864692687988
Normalizer,121,0,34.65291149948362,96.14201576242026,12.118573103332775,0.036270044011947326,0.1731429832025464,0.9891969751530428,0.09487462872142019,4.155975341796875,0.22250747680664062
Normalizer,124,0,34.15295278353808,96.12027377033311,11.207502930832357,0.037619054169840196,0.15691886906465669,0.9911611088790679,0.08520411687504317,5.320639610290527,0.31111836433410645
Normalizer,127,0,34.481889333127974,96.13667416589806,12.332942555685815,0.03591384344572224,0.176923802635303,0.9887521968365554,0.09715410651378048,5.780230283737183,0.2926650047302246
Normalizer,130,0,33.986283267492226,96.1051401764943,10.919443979232959,0.04050829344565036,0.15153932046578403,0.9933082392304475,0.08202666298266216,6.003219127655029,0.3159012794494629
Normalizer,133,0,35.16905034485026,96.16739227565385,11.803717970189249,0.03554920233481856,0.1676623992413466,0.9891831406191719,0.0915935622021137,4.953881502151489,0.2535698413848877
Normalizer,136,0,34.540654903867186,96.12784417110056,11.197454362753307,0.03893573779586018,0.15663570428807735,0.991941982272361,0.08503142916350072,5.735116004943848,0.28163933753967285
Normalizer,139,0,34.38188954012323,96.13902661519751,12.413331100318205,0.03562506684820665,0.1783503534956795,0.9885057471264368,0.09801754507149271,4.484795808792114,0.31006360054016113
Normalizer,142,0,34.88383579388087,96.15763669899084,12.054932172165467,0.03728927001654122,0.17194398889870063,0.9898329702251271,0.09414934033294191,5.533388376235962,0.26989221572875977
Normalizer,145,0,34.95897698956368,96.1548523723295,11.177357226595209,0.03816896367833527,0.15633749045558668,0.9915254237288136,0.08485874145195828,4.789400815963745,0.2760021686553955
Normalizer,148,0,34.23021184738132,96.11554141261325,12.13197119410484,0.03891010887974259,0.17316481230497682,0.9906238730616661,0.09487462872142019,5.210855007171631,0.24071240425109863
Normalizer,151,0,33.93194317872806,96.11137455237954,12.111874057946743,0.034951299839639925,0.1731320707150285,0.9884850665707089,0.09487462872142019,2.7262821197509766,0.19550752639770508
Normalizer,154,0,35.00072103348593,96.17043395328291,12.607603416513147,0.037090403527084724,0.18161287287098898,0.9890673044072429,0.0999861849830766,4.248229503631592,0.15559005737304688
Normalizer,157,0,34.83464183725312,96.16194275429466,12.004689331770223,0.037723555816091096,0.17102647439336088,0.9901351845085861,0.09359673965600608,5.768010377883911,0.3243577480316162
Normalizer,160,0,34.65828187648409,96.14252683411604,12.07837883101658,0.03609602339920843,0.1724518427440966,0.9891500904159132,0.09446017821371831,5.979993581771851,0.24162626266479492
Normalizer,163,0,35.28716030640511,96.19300919504866,12.440127281862335,0.03574094653804626,0.17880815505921527,0.9885376866967697,0.09829384540996063,6.222508192062378,0.23825812339782715
Normalizer,166,0,34.214507040407085,96.13266943435352,10.450510802210685,0.039936118780426966,0.1431364379346816,0.9937694704049844,0.07712233197485667,4.530107498168945,0.37125563621520996
Normalizer,169,0,34.66851472545107,96.14479531345005,12.219058784123263,0.037988003688274694,0.17476461882419625,0.9900107028184089,0.09584167990605788,4.668663024902344,0.2216637134552002
Normalizer,172,0,34.741378973283574,96.15224745102454,12.805225255401107,0.03169839735068254,0.18548185231539424,0.9860279441117764,0.10236927540236236,5.275581121444702,0.3360481262207031
Normalizer,175,0,35.371236797439884,96.19411420810553,11.401775247027299,0.038454538820247706,0.16031237103584015,0.9913623871221044,0.08720729432893555,5.419158220291138,0.3063228130340576
Normalizer,178,0,34.41816545928377,96.13629036977171,11.257745771227599,0.037159072350777006,0.1578512396694215,0.9908220271348763,0.085756717551979,4.935724973678589,0.21248841285705566
Normalizer,181,0,35.714469436268345,96.21243945367728,10.731870708424049,0.03761741889609825,0.14839431219044577,0.9918838103374626,0.08019617324031222,4.811417579650879,0.24675512313842773
Normalizer,184,0,34.918931073415315,96.1685383279759,11.51565901858985,0.038939073822913596,0.16229586174092278,0.9914761720263464,0.08838157076742419,5.295549154281616,0.2405402660369873
Normalizer,187,0,35.295769775886235,96.18091253210224,11.790319879417183,0.038775363532602344,0.16716738876063375,0.9910011248593926,0.0912827243213373,5.346246242523193,0.29748106002807617
Normalizer,190,0,36.02886265228239,96.23412526218245,12.677943393066487,0.038016595535702476,0.18275862068965518,0.9894772572980313,0.10067693582924639,4.8592424392700195,0.2658381462097168
Normalizer,193,0,35.18377000772092,96.18606810668986,11.947747445988947,0.03813226629249493,0.16999242232887093,0.9904341427520236,0.09297506389445327,5.118595600128174,0.33006787300109863
Normalizer,196,0,34.837056781942835,96.15256979436013,11.994640763691173,0.03638110603208419,0.1709579704657327,0.9894083272461651,0.09356220211369759,5.065896511077881,0.2407550811767578
Normalizer,199,0,35.92528452456677,96.22673805971218,12.580807234969015,0.036346015435243934,0.1812078431372549,0.9887024991441288,0.09974442218691718,5.063267946243286,0.27242016792297363
Normalizer,202,0,35.029228880561206,96.17819521552153,12.3094958968347,0.0370903243800274,0.1764187743802693,0.9894142554693014,0.09684326863300408,4.779531002044678,0.27539753913879395
Normalizer,205,0,35.863887430764876,96.20721911289725,12.155417852955953,0.036429151559929075,0.17377606956083422,0.9892395982783357,0.09525454168681356,4.9776482582092285,0.21724772453308105
Normalizer,208,0,35.97236061303409,96.22826486897706,12.17551498911405,0.037159353822081,0.17406917406917408,0.9896131805157593,0.09542722939835602,3.68752384185791,0.22685694694519043
Normalizer,211,0,35.84597084111451,96.2369006794224,12.91575950427064,0.03714425025664336,0.18694686806141914,0.9887528944756864,0.1032327139600746,3.07726788520813,0.15952730178833008
Normalizer,214,0,35.53831455413567,96.21165950267549,12.232456874895327,0.03804471453167141,0.17499449009791884,0.9900249376558603,0.09597983007529184,3.7074406147003174,0.1651289463043213
Normalizer,217,0,35.24673489894836,96.18710632590538,12.825322391559201,0.037384900250752535,0.18536371603856266,0.9889779559118237,0.1022656627754369,4.630085468292236,0.22411870956420898
Normalizer,220,0,35.936167108652654,96.23148019223765,11.522358063975883,0.039635751627575565,0.1623592833359759,0.9918636187524216,0.08841610830973268,4.959401845932007,0.1743631362915039
Normalizer,223,0,35.88728556153635,96.22077500816646,12.14871880756992,0.03898036379337733,0.17345266607840665,0.9906407487401008,0.09504731643296263,5.972438097000122,0.3453676700592041
Normalizer,226,0,36.080205143034874,96.25647717538159,11.67643610785463,0.03696924615523434,0.16530024374030577,0.9901403109594236,0.09017752296746563,5.527065277099609,0.23273015022277832
Normalizer,229,0,35.68714414544192,96.21423055072292,12.332942555685815,0.03719035523181943,0.17682025475703728,0.989440337909187,0.0970850314291635,4.797036647796631,0.2387533187866211
Normalizer,232,0,35.65227502739429,96.21922600790403,12.054932172165467,0.0392349518869979,0.1717872689420226,0.9909024745269287,0.09404572770601644,4.974364757537842,0.42887282371520996
Normalizer,235,0,35.74016559774059,96.22135161416185,12.744933846926813,0.038297354030766326,0.18389724310776942,0.9895482130815914,0.10136768667541618,5.325310707092285,0.23470783233642578
Normalizer,238,0,35.592037490368014,96.2227319277149,11.793669402110199,0.038789521684254674,0.1672253494402631,0.9910044977511244,0.09131726186364578,5.482586860656738,0.2981996536254883
Normalizer,241,0,35.5377759831374,96.2214734286843,12.433428236476301,0.03888959805634886,0.17843562427327866,0.9902336937565399,0.0980520826138012,7.367703676223755,0.26732778549194336
Normalizer,244,0,36.14896398489486,96.25591813932266,12.624351029978229,0.03905166729098013,0.1817440401505646,0.9900888585099111,0.10005526006769358,5.216880559921265,0.2798192501068115
Normalizer,247,0,35.716884380958064,96.22296713644025,12.520515826494725,0.03735220877854793,0.18007722977427557,0.9893066574680924,0.0990536713407474,8.046612024307251,0.43119120597839355
Normalizer,250,0,35.01550202828522,96.18109458408168,12.22910735220231,0.039316548066565184,0.17483310240584457,0.9907209136331192,0.09587621744836637,9.091975450515747,0.464064359664917
Normalizer,253,0,36.06306095236066,96.25315597395824,12.517166303801709,0.03797110737458141,0.17996860282574567,0.9896408839779005,0.09898459625613042,9.273636817932129,0.4447183609008789
Normalizer,256,0,34.795998888972115,96.16850806139406,11.287891475464747,0.04067541698419281,0.15811055659747608,0.9928143712574851,0.08589486772121296,7.834657430648804,0.20864605903625488
Normalizer,259,0,35.523410895479124,96.22515331002512,11.800368447496231,0.037503153638253135,0.16744656633362842,0.9902767389678384,0.09145541203287974,7.360668897628784,0.22655463218688965
Normalizer,262,0,36.152254826190294,96.24616370519242,11.96114553676101,0.03884109503819696,0.17017111826734863,0.9908088235294118,0.09307867652137874,6.695873737335205,0.2306821346282959
Normalizer,265,0,36.244177970843886,96.25674587145907,12.182214034500085,0.03847601205426886,0.17408014112903225,0.9903225806451613,0.09542722939835602,6.126259803771973,0.40404200553894043
Normalizer,268,0,35.345076813257386,96.20853520981696,12.111874057946743,0.038825703517578185,0.17281926799281233,0.9906035417419587,0.09466740346756924,7.1517157554626465,0.2747519016265869
Normalizer,271,0,36.49541463335351,96.2658416065496,12.038184558700385,0.04046512048020599,0.17139431420187423,0.9916027747353049,0.09380396490985701,7.043489217758179,0.2680349349975586
Normalizer,274,0,35.539790353668266,96.20969144161238,12.071679785630547,0.03995393157178045,0.17202334016716606,0.9912758996728462,0.0941838778752504,5.970094442367554,0.48829054832458496
Normalizer,277,0,35.49392557079134,96.20544528065139,12.14871880756992,0.039626448502042756,0.17340056728647968,0.9909942363112392,0.09501277889065414,6.9517502784729,0.22856426239013672
Normalizer,280,0,35.20890843196721,96.20221039392037,12.205660693351197,0.037931243825857816,0.174534689635625,0.9899964272954627,0.09570352973682393,4.559941291809082,0.22614836692810059
Normalizer,283,0,36.08545285617809,96.24069823067127,12.178864511807069,0.04039737626145264,0.17386646500929515,0.9913762127200862,0.09528907922912205,6.889108896255493,0.2984907627105713
Normalizer,286,0,35.55449660017953,96.21933796750884,12.399933009546139,0.04002534566382596,0.17775961266387902,0.9908867858394672,0.09763763210609933,6.7907350063323975,0.5186817646026611
Normalizer,289,0,36.263164035999694,96.24824235824238,12.125272148718807,0.04017602550914442,0.17294536742221242,0.9913263462233466,0.09473647855218623,6.750306606292725,0.1517035961151123
Normalizer,292,0,35.360476877211255,96.20548072293496,12.138670239490873,0.037646703788089896,0.17338417420351054,0.9899244332493703,0.09501277889065414,6.353362083435059,0.2945582866668701
Normalizer,295,0,35.635981817229776,96.23111209049422,11.833863674426395,0.03961609449207126,0.1678679817905918,0.991411501120239,0.09169717482903916,6.215918302536011,0.3065190315246582
Normalizer,298,0,36.55954483122488,96.2823381346637,12.172165466421035,0.04101595872365236,0.17369930356411306,0.991723641597697,0.0951854666021966,5.202620506286621,0.3751676082611084
QuantileTransformer,1,0,50.0,96.98208005359237,3.0179199464076367,0.0,0.0,0.0,0.0,2.5870425701141357,0.19669365882873535
QuantileTransformer,4,0,50.0,96.98208005359237,3.0179199464076367,0.0,0.0,0.0,0.0,4.2140374183654785,0.2422499656677246
QuantileTransformer,7,0,50.0,96.98208005359237,3.0179199464076367,0.0,0.0,0.0,0.0,3.514845609664917,0.2131357192993164
QuantileTransformer,10,0,50.0,96.98208005359237,3.0179199464076367,0.0,0.0,0.0,0.0,3.5981454849243164,0.2249438762664795
QuantileTransformer,13,0,93.79210293153587,99.79210889072392,80.57611790319879,0.31122266613632377,0.8888888888888888,0.9982355725782158,0.8011328313877184,5.286858320236206,0.3119163513183594
QuantileTransformer,16,0,93.94838818541594,99.79694068693277,77.56154747948418,0.29591746551085585,0.8692597435547141,0.9993269015032533,0.7691510672100573,5.161783695220947,0.14666509628295898
QuantileTransformer,19,0,91.77461597204552,99.72178164926211,75.89348517836208,0.2793463331956489,0.8582179232087627,0.9988535791259687,0.7522967465635145,4.945674419403076,0.19959306716918945
QuantileTransformer,22,0,50.0,96.98208005359237,3.0179199464076367,0.0,0.0,0.0,0.0,4.771985054016113,0.2763230800628662
QuantileTransformer,25,0,93.73963921646316,99.7920648673993,81.67811086920113,0.3250968716828428,0.8958174615267408,0.9985987261146497,0.8122193824687435,5.865382194519043,0.23987340927124023
QuantileTransformer,28,0,50.0,96.98208005359237,3.0179199464076367,0.0,0.0,0.0,0.0,5.606799602508545,0.22265148162841797
QuantileTransformer,31,0,50.0,96.98208005359237,3.0179199464076367,0.0,0.0,0.0,0.0,3.210238218307495,0.21132946014404297
QuantileTransformer,34,0,50.0,96.98208005359237,3.0179199464076367,0.0,0.0,0.0,0.0,5.789218187332153,0.28046345710754395
QuantileTransformer,37,0,50.0,96.98208005359237,3.0179199464076367,0.0,0.0,0.0,0.0,5.574583530426025,0.295062780380249
QuantileTransformer,40,0,50.0,96.98208005359237,3.0179199464076367,0.0,0.0,0.0,0.0,5.117615699768066,0.209608793258667
QuantileTransformer,43,0,92.49797048814925,99.74779867886939,79.86601909227934,0.29704099709118276,0.8844416248534133,0.9973984303863331,0.79446708572218,4.986829996109009,0.23590707778930664
QuantileTransformer,46,0,50.0,96.98208005359237,3.0179199464076367,0.0,0.0,0.0,0.0,5.265712022781372,0.12681293487548828
QuantileTransformer,49,0,50.0,96.98208005359237,3.0179199464076367,0.0,0.0,0.0,0.0,5.186577796936035,0.1253206729888916
QuantileTransformer,52,0,50.0,96.98208005359237,3.0179199464076367,0.0,0.0,0.0,0.0,5.763963222503662,0.22711873054504395
QuantileTransformer,55,0,50.0,96.98208005359237,3.0179199464076367,0.0,0.0,0.0,0.0,5.394082307815552,0.16658759117126465
QuantileTransformer,58,0,50.0,96.98208005359237,3.0179199464076367,0.0,0.0,0.0,0.0,5.460038423538208,0.2054438591003418
QuantileTransformer,61,0,50.0,96.98208005359237,3.0179199464076367,0.0,0.0,0.0,0.0,4.886661767959595,0.2035057544708252
QuantileTransformer,64,0,50.0,96.98208005359237,3.0179199464076367,0.0,0.0,0.0,0.0,5.278285026550293,0.1357436180114746
QuantileTransformer,67,0,50.0,96.98208005359237,3.0179199464076367,0.0,0.0,0.0,0.0,5.278902292251587,0.2354416847229004
QuantileTransformer,70,0,50.0,96.98208005359237,3.0179199464076367,0.0,0.0,0.0,0.0,4.852331638336182,0.1365058422088623
QuantileTransformer,73,0,91.93460030787095,99.72150374812807,77.49790654831686,0.2818868498685694,0.869014194353455,0.9978060356407271,0.7696691303446846,5.531456470489502,0.16650009155273438
QuantileTransformer,76,0,50.0,96.98208005359237,3.0179199464076367,0.0,0.0,0.0,0.0,5.458266258239746,0.23922204971313477
QuantileTransformer,79,0,50.0,96.98208005359237,3.0179199464076367,0.0,0.0,0.0,0.0,5.3840954303741455,0.21510958671569824
QuantileTransformer,82,0,50.0,96.98208005359237,3.0179199464076367,0.0,0.0,0.0,0.0,4.191222906112671,0.18126249313354492
QuantileTransformer,85,0,50.0,96.98208005359237,3.0179199464076367,0.0,0.0,0.0,0.0,6.487030506134033,0.16233038902282715
QuantileTransformer,88,0,50.0,96.98208005359237,3.0179199464076367,0.0,0.0,0.0,0.0,2.193220615386963,0.19530844688415527
QuantileTransformer,91,0,50.0,96.98208005359237,3.0179199464076367,0.0,0.0,0.0,0.0,4.047019958496094,0.20395255088806152
QuantileTransformer,94,0,91.98877940032246,99.73108762641533,77.27013900519177,0.28648984569890384,0.8674298663749316,0.9985157866330845,0.7667679767907716,4.26922082901001,0.208632230758667
QuantileTransformer,97,0,50.0,96.98208005359237,3.0179199464076367,0.0,0.0,0.0,0.0,3.9414079189300537,0.11302590370178223
QuantileTransformer,100,0,50.0,96.98208005359237,3.0179199464076367,0.0,0.0,0.0,0.0,5.640333890914917,0.18003630638122559
QuantileTransformer,103,0,93.26146100167153,99.77017021332803,81.44364428069,0.3087225440799799,0.8944802102777037,0.997154747749278,0.8109760309456379,4.8944830894470215,0.3066742420196533
QuantileTransformer,106,0,87.41249946238732,99.57496113363078,70.13900519176018,0.2471219213681648,0.8181317448336359,0.999352105656616,0.692546798369828,4.3384857177734375,0.20981311798095703
QuantileTransformer,109,0,50.0,96.98208005359237,3.0179199464076367,0.0,0.0,0.0,0.0,5.1632773876190186,0.2132582664489746
QuantileTransformer,112,0,87.49063633945904,99.57720409417946,73.38469268129292,0.2583281752072286,0.8411816437480013,0.9983395009014138,0.7267735027975409,5.738615036010742,0.21451926231384277
QuantileTransformer,115,0,88.08393266766214,99.59845111022089,71.15726009043712,0.2503609279461458,0.825465674848491,0.9990187901682774,0.7032879740277682,4.332901954650879,0.29466915130615234
QuantileTransformer,118,0,92.16302724279937,99.73117012599171,77.99698542957628,0.28020372409276845,0.8723598562129603,0.9972013682199813,0.7752987497409685,5.082622051239014,0.22572684288024902
QuantileTransformer,121,0,93.04976426689907,99.76539172659406,79.22291073522022,0.29957435194264037,0.8802162788452255,0.9982479961455916,0.7871451267527803,6.1159889698028564,0.23024415969848633
QuantileTransformer,124,0,86.65565579663007,99.54901320876621,73.46173170323229,0.2545671110327215,0.8417836531741119,0.9978222790323344,0.7279477792360296,6.2072038650512695,0.2501647472381592
QuantileTransformer,127,0,92.79075186581308,99.75233057345474,79.07888125942053,0.29673021041766473,0.8793043478260869,0.998069836813476,0.7857981626027492,5.301829814910889,0.14521503448486328
QuantileTransformer,130,0,92.61699467876521,99.75207109161953,78.50611287891476,0.2903391854001532,0.8756081958632989,0.9978792029337693,0.7800303930372314,4.381884813308716,0.18882489204406738
QuantileTransformer,133,0,93.18251339316825,99.76859739102514,79.35019259755485,0.29580789598914725,0.8810924450787895,0.9977285633162976,0.7888720038682048,5.298233509063721,0.2745182514190674
QuantileTransformer,136,0,50.0,96.98208005359237,3.0179199464076367,0.0,0.0,0.0,0.0,5.452832460403442,0.22072744369506836
QuantileTransformer,139,0,92.05248219131622,99.72428093098183,75.77625188410651,0.27692955033632666,0.857452595892301,0.9986685032139577,0.7512260827519514,4.640976905822754,0.23366737365722656
QuantileTransformer,142,0,92.9938218814995,99.76503089434703,80.14067995310668,0.2970257708776606,0.8862236380034926,0.9971498898821091,0.797506389445327,4.982816934585571,0.2574639320373535
QuantileTransformer,145,0,92.8272060308912,99.74469707533598,79.38703734717802,0.29977228583721116,0.8812885802469136,0.9981211220833698,0.7889410789528217,5.830355882644653,0.1925647258758545
QuantileTransformer,148,0,91.16120660449808,99.69611419056929,74.228772399933,0.26813518564197836,0.8469221280490231,0.9988736624741881,0.7350970504938868,1.8728151321411133,0.14245200157165527
QuantileTransformer,151,0,89.38017722934084,99.64365678964523,75.05275498241501,0.2659496132144125,0.8526549022711086,0.9979623969621191,0.744284036747945,5.521458864212036,0.23427557945251465
QuantileTransformer,154,0,91.31098875732081,99.7087227422543,79.51766873220566,0.2862616062618577,0.8822929298762295,0.9965647693177371,0.7915313946259585,4.931463241577148,0.17808055877685547
QuantileTransformer,157,0,93.34235206566319,99.77385765444635,79.03198794171831,0.29875441546843673,0.8789730105946949,0.9983311374615722,0.7851074117565794,4.293251991271973,0.2632176876068115
QuantileTransformer,160,0,92.2269715282621,99.73772183231391,76.97873053089934,0.2786984499773448,0.8655753095112363,0.997880496054115,0.7642467362022518,5.08484411239624,0.23722457885742188
QuantileTransformer,163,0,91.22304452153698,99.70257836011073,80.7435940378496,0.2843095359577442,0.8902422726665267,0.9953041622198506,0.8052427989224287,5.088052988052368,0.2152869701385498
QuantileTransformer,166,0,91.12714246801367,99.69787077702735,76.69737062468597,0.27935429996221434,0.8636711018792499,0.9981881596231372,0.7611038198521793,5.673499822616577,0.2714090347290039
QuantileTransformer,169,0,92.30322628177407,99.7370972461465,77.23999330095461,0.28466785779258175,0.8672514505636196,0.9983358071335402,0.7665952890792291,7.223933458328247,0.2885899543762207
QuantileTransformer,172,0,92.48349423637033,99.74501896133515,79.19276503098308,0.28838068924554805,0.8801466332240016,0.9970711662878126,0.7877668025143331,7.859219312667847,0.26554203033447266
QuantileTransformer,175,0,93.58178424853475,99.7737458852343,80.36174845084575,0.30434191300493585,0.8875764606623076,0.9977152217959219,0.799336879187677,7.6593177318573,0.3368961811065674
QuantileTransformer,178,0,92.39409911714988,99.73022606143643,77.54145034332608,0.29178564626503395,0.8691783895576844,0.9988788734920848,0.7692892173792912,7.215030670166016,0.1513991355895996
QuantileTransformer,181,0,90.2475697798268,99.65077179006545,74.88862837045721,0.26208218710703424,0.8515827608734385,0.9976343986270235,0.7428334599709885,6.5015833377838135,0.384049654006958
QuantileTransformer,184,0,91.24216666690944,99.6928573811113,77.90989783955786,0.2730875226378334,0.8718695964717996,0.9964915397255407,0.7749533743178836,8.278018951416016,0.25488972663879395
QuantileTransformer,187,0,92.09220611483929,99.72393600711972,76.75096298777424,0.28094418763492507,0.8640112850453557,0.9983248064472314,0.7615528079021897,7.611300945281982,0.27793121337890625
QuantileTransformer,190,0,94.21127791436483,99.80652237653128,80.6799531066823,0.31300718021338264,0.8895400053621356,0.9983235900962861,0.8021344201146646,7.005784511566162,0.341890811920166
QuantileTransformer,193,0,93.49612271046954,99.7812881078161,78.60324903701222,0.29516063383342056,0.8761919528645632,0.9983217030297676,0.7806866063410928,6.617816686630249,0.23022246360778809
QuantileTransformer,196,0,92.43494043174763,99.74379824625821,78.91810417015576,0.29335457659680514,0.8782874381188119,0.9978469109763599,0.7843130482834841,7.1951210498809814,0.3254990577697754
QuantileTransformer,199,0,92.41523179980769,99.74006516577609,74.50008373806732,0.26607473816319127,0.8488374401842622,0.9984118828530057,0.7382399668439594,7.212876081466675,0.25127673149108887
QuantileTransformer,202,0,92.87084369810982,99.75007223797634,81.08524535253726,0.30322737080964635,0.8922431065738002,0.9969297684533709,0.807453201630172,7.4588844776153564,0.22684836387634277
QuantileTransformer,205,0,93.67187510182059,99.78716402221124,80.2478646792832,0.30780234479528523,0.8868029561378251,0.99818503954021,0.797782689783795,5.955795526504517,0.17986559867858887
QuantileTransformer,208,0,90.2364667841224,99.66558611389482,72.71143861999664,0.2590589034797963,0.8364220459793194,0.9989448947292696,0.7193824687435242,7.526031255722046,0.20206952095031738
QuantileTransformer,211,0,93.13063808128581,99.7648278246221,80.16077708926478,0.29884309231988887,0.8863344144005834,0.9973223925717988,0.7975754645299441,7.513570547103882,0.23328614234924316
QuantileTransformer,214,0,92.30670686872368,99.7383552119731,78.84106514821639,0.2842219336162697,0.8778875335872107,0.9969267243271721,0.7842439731988672,9.189573764801025,0.27844858169555664
QuantileTransformer,217,0,94.42575375215323,99.81157629540854,84.7194774744599,0.3351338254158371,0.9147640222712156,0.9964181048518398,0.8454790357118187,7.424631357192993,0.19867777824401855
QuantileTransformer,220,0,93.44583244561755,99.77535180080326,83.00787137832859,0.3166206313249062,0.9042956590638972,0.9964245624246456,0.8277612765075637,7.077101469039917,0.3744497299194336
QuantileTransformer,223,0,93.05870339549658,99.76618440147882,80.06699045386031,0.30576076674501107,0.8856522491017044,0.9981376413010524,0.7959522000414451,6.517163038253784,0.350374698638916
QuantileTransformer,226,0,94.30061936814774,99.80842500498377,80.43543795009211,0.3037848876142179,0.8880584143046053,0.9975888051668461,0.8002003177453892,7.354030132293701,0.2534940242767334
QuantileTransformer,229,0,94.23410489155096,99.80608911220034,77.85965499916261,0.29111955189860234,0.8713106455883498,0.9985274431057564,0.7728465842370656,7.176702499389648,0.29106688499450684
QuantileTransformer,232,0,91.34576587747551,99.69405328879898,73.85697538100821,0.2606235386938812,0.8444506447176994,0.998256608396551,0.7317123713476549,7.01597785949707,0.33951234817504883
QuantileTransformer,235,0,93.40846596810111,99.77572599387634,80.49907888125942,0.3023155300918011,0.8884845234446828,0.9973767953900404,0.801029218760793,7.724969863891602,0.24227476119995117
QuantileTransformer,238,0,93.66448652104373,99.78518977390507,81.52738234801541,0.31368235755449725,0.894966385434323,0.9975799261240607,0.8114940940802653,8.159530401229858,0.2816028594970703
QuantileTransformer,241,0,92.42290404075446,99.74328724804722,77.93334449840897,0.29170838512398917,0.8717938738177714,0.9985288873038516,0.7736064101678525,8.683511734008789,0.23807024955749512
QuantileTransformer,244,0,92.64060938790965,99.746793757832,78.36543292580808,0.28717969502614915,0.8747163223741635,0.9976549710189815,0.7787525039718174,7.72258448600769,0.4371812343597412
QuantileTransformer,247,0,92.69284502487278,99.75708550934736,79.78563054764696,0.2995932270698636,0.8838909517671277,0.9977413890457368,0.7933618843683083,6.53008246421814,0.24685907363891602
QuantileTransformer,250,0,91.06596961907582,99.69815090842721,75.39775581979568,0.2730568308364261,0.8549193118296561,0.9985235085128963,0.7474269530980175,5.681918144226074,0.3812723159790039
QuantileTransformer,253,0,91.27612538914151,99.70194154916106,71.91425221905878,0.25374885842482836,0.8308418568056648,0.9988843075430511,0.7111970712164123,7.129191160202026,0.2439556121826172
QuantileTransformer,256,0,91.89044898575006,99.7233958940908,76.7409144196952,0.27968086429151007,0.863960504662644,0.9981892258940697,0.7615528079021897,7.450530290603638,0.33753395080566406
QuantileTransformer,259,0,92.55318455689635,99.74824723059335,80.51582649472451,0.29424156006606256,0.8886762482536887,0.9965234559423152,0.8018926573185052,7.8379151821136475,0.4283137321472168
QuantileTransformer,262,0,93.43290865828203,99.77827506959625,79.62485345838218,0.2973713870558439,0.8828683110931392,0.9976500282866966,0.7917731574221178,7.780022382736206,0.2540595531463623
QuantileTransformer,265,0,92.18630845958192,99.73594012016788,76.30212694691006,0.27326287611853656,0.8610811129219109,0.9978156996587031,0.7573046901982455,6.9680774211883545,0.2351679801940918
QuantileTransformer,268,0,92.13251652492987,99.73037779192859,75.0293083235639,0.27126067230307327,0.852414230000198,0.998608469780602,0.7435587483594668,6.292932510375977,0.23003339767456055
QuantileTransformer,271,0,91.84252000015024,99.72170794734292,73.31770222743259,0.26137408268171314,0.8406608793055167,0.9987642585551331,0.7257719140705947,7.070834636688232,0.20169591903686523
QuantileTransformer,274,0,90.9139392677443,99.69505863670318,76.91174007703903,0.27501432564959766,0.8651735941320293,0.9975192819448829,0.76383228569455,6.602567911148071,0.23230981826782227
QuantileTransformer,277,0,92.91795236916425,99.75960061746012,77.04237146206665,0.28354868540799744,0.8659390525368696,0.9983763305069457,0.7645230365407197,7.523065090179443,0.2374582290649414
QuantileTransformer,280,0,93.14377653037154,99.76888769648377,78.6400937866354,0.2882189583602232,0.8765176306566234,0.997531843624664,0.781688195068039,6.705871820449829,0.3762342929840088
QuantileTransformer,283,0,90.61661549411647,99.67915480812773,72.63105007536426,0.2577858753628739,0.8358742593150548,0.9988478709615477,0.7186226428127375,8.576456308364868,0.28118252754211426
QuantileTransformer,286,0,93.94872742764613,99.79542317362254,80.64980740244515,0.3032893452458621,0.889445986030045,0.9973391699927042,0.8026179457069835,6.509279012680054,0.22604656219482422
QuantileTransformer,289,0,93.6173031017013,99.7865408167782,80.66655501591023,0.3038551631501087,0.8895480117876688,0.997382423618263,0.8027560958762174,9.043206453323364,0.23046207427978516
QuantileTransformer,292,0,90.9033422604511,99.69094682902788,76.89164294088093,0.27327327474909674,0.865061513486025,0.9973391061200559,0.763763210609933,8.122086524963379,0.20630717277526855
QuantileTransformer,295,0,94.06846076868686,99.8023939241036,82.29442304471613,0.3175988219588069,0.899799067369299,0.9972268907563026,0.8197140291496857,7.316714525222778,0.22343921661376953
QuantileTransformer,298,0,92.11480501391584,99.73396396935605,77.92664545302294,0.28085010784831244,0.8718845989346398,0.9973314356876001,0.7744698487255647,7.524165868759155,0.1883080005645752
RobustScaler,1,0,91.96268841455968,99.73659323354612,84.27064143359571,0.3664047681271261,0.9117558628983764,0.9999175665649987,0.8378807764039511,3.2521605491638184,0.24871420860290527
RobustScaler,4,0,93.15503477252025,99.77669700085455,84.23044716127951,0.3659213095229314,0.9115104127509209,0.9999175257731959,0.8374663258962493,3.4606852531433105,0.19379711151123047
RobustScaler,7,0,92.72612909588996,99.75970898635055,84.39457377323731,0.36748284267731623,0.9125152567834006,0.9998765482901938,0.8391932030116737,5.974030017852783,0.2746737003326416
RobustScaler,10,0,93.18871366782797,99.77320846480458,84.44816613632557,0.36771343067204776,0.9128451560828187,0.9998355195526132,0.839780341230918,5.801401376724243,0.15980887413024902
RobustScaler,13,0,93.37016801191864,99.7801720598732,84.48501088594875,0.36816344601303064,0.9130695893701674,0.999835593916975,0.8401602541963114,2.901371717453003,0.21357393264770508
RobustScaler,16,0,94.14888226009997,99.80767000212474,87.30865851616144,0.39946457612472935,0.9300419120769557,0.9991668980838656,0.8698625405816122,6.407364130020142,0.19935083389282227
RobustScaler,19,0,93.9828950617601,99.80131174026977,86.32389884441467,0.38716668515738306,0.9241881278199677,0.9993575071276553,0.8595358154313739,7.180595636367798,0.2067420482635498
RobustScaler,22,0,93.2742678750181,99.7811632202916,86.03583989281528,0.3844469403682155,0.9224588486933879,0.9994760388537343,0.8564619741659184,7.506119728088379,0.22191596031188965
RobustScaler,25,0,50.0,96.98208005359237,3.0179199464076367,0.0,0.0,0.0,0.0,7.091973304748535,0.22386717796325684
RobustScaler,28,0,50.0,96.98208005359237,3.0179199464076367,0.0,0.0,0.0,0.0,6.373369216918945,0.19679927825927734
RobustScaler,31,0,50.0,96.98208005359237,3.0179199464076367,0.0,0.0,0.0,0.0,8.627562284469604,0.2236483097076416
RobustScaler,34,0,50.0,96.98208005359237,3.0179199464076367,0.0,0.0,0.0,0.0,7.280574083328247,0.22028398513793945
RobustScaler,37,0,50.0,96.98208005359237,3.0179199464076367,0.0,0.0,0.0,0.0,5.979006052017212,0.217238187789917
RobustScaler,40,0,50.0,96.98208005359237,3.0179199464076367,0.0,0.0,0.0,0.0,7.760867595672607,0.3245360851287842
RobustScaler,43,0,50.0,96.98208005359237,3.0179199464076367,0.0,0.0,0.0,0.0,7.296440601348877,0.3369712829589844
RobustScaler,46,0,50.0,96.98208005359237,3.0179199464076367,0.0,0.0,0.0,0.0,7.048091173171997,0.21976232528686523
RobustScaler,49,0,50.0,96.98208005359237,3.0179199464076367,0.0,0.0,0.0,0.0,8.062847137451172,0.22145414352416992
RobustScaler,52,0,50.0,96.98208005359237,3.0179199464076367,0.0,0.0,0.0,0.0,7.756133556365967,0.13095378875732422
RobustScaler,55,0,50.0,96.98208005359237,3.0179199464076367,0.0,0.0,0.0,0.0,7.122642755508423,0.2240309715270996
RobustScaler,58,0,50.0,96.98208005359237,3.0179199464076367,0.0,0.0,0.0,0.0,5.843818187713623,0.13837146759033203
RobustScaler,61,0,50.0,96.98208005359237,3.0179199464076367,0.0,0.0,0.0,0.0,7.791483640670776,0.2206592559814453
RobustScaler,64,0,50.0,96.98208005359237,3.0179199464076367,0.0,0.0,0.0,0.0,8.0561842918396,0.22521066665649414
RobustScaler,67,0,50.0,96.98208005359237,3.0179199464076367,0.0,0.0,0.0,0.0,7.933628797531128,0.20469975471496582
RobustScaler,70,0,50.0,96.98208005359237,3.0179199464076367,0.0,0.0,0.0,0.0,6.95259428024292,0.21395635604858398
RobustScaler,73,0,50.0,96.98208005359237,3.0179199464076367,0.0,0.0,0.0,0.0,6.624759197235107,0.20926141738891602
RobustScaler,76,0,50.0,96.98208005359237,3.0179199464076367,0.0,0.0,0.0,0.0,7.535605430603027,0.21077418327331543
RobustScaler,79,0,50.0,96.98208005359237,3.0179199464076367,0.0,0.0,0.0,0.0,7.06000280380249,0.22073984146118164
RobustScaler,82,0,50.0,96.98208005359237,3.0179199464076367,0.0,0.0,0.0,0.0,7.7209296226501465,0.2067244052886963
RobustScaler,85,0,50.0,96.98208005359237,3.0179199464076367,0.0,0.0,0.0,0.0,6.668927907943726,0.17259454727172852
RobustScaler,88,0,50.0,96.98208005359237,3.0179199464076367,0.0,0.0,0.0,0.0,7.269441366195679,0.22168731689453125
RobustScaler,91,0,50.0,96.98208005359237,3.0179199464076367,0.0,0.0,0.0,0.0,6.189589262008667,0.20957517623901367
RobustScaler,94,0,50.0,96.98208005359237,3.0179199464076367,0.0,0.0,0.0,0.0,9.710571765899658,0.30432987213134766
RobustScaler,97,0,50.0,96.98208005359237,3.0179199464076367,0.0,0.0,0.0,0.0,6.480344533920288,0.2599830627441406
RobustScaler,100,0,50.0,96.98208005359237,3.0179199464076367,0.0,0.0,0.0,0.0,6.990732431411743,0.15558314323425293
RobustScaler,103,0,50.0,96.98208005359237,3.0179199464076367,0.0,0.0,0.0,0.0,7.315988063812256,0.35008740425109863
RobustScaler,106,0,50.0,96.98208005359237,3.0179199464076367,0.0,0.0,0.0,0.0,8.109702587127686,0.36280274391174316
RobustScaler,109,0,50.0,96.98208005359237,3.0179199464076367,0.0,0.0,0.0,0.0,8.136880159378052,0.19508600234985352
RobustScaler,112,0,50.0,96.98208005359237,3.0179199464076367,0.0,0.0,0.0,0.0,7.896790266036987,0.23997163772583008
RobustScaler,115,0,50.0,96.98208005359237,3.0179199464076367,0.0,0.0,0.0,0.0,7.570877552032471,0.13030171394348145
RobustScaler,118,0,50.0,96.98208005359237,3.0179199464076367,0.0,0.0,0.0,0.0,7.393587589263916,0.20997309684753418
RobustScaler,121,0,50.0,96.98208005359237,3.0179199464076367,0.0,0.0,0.0,0.0,7.634742259979248,0.19727587699890137
RobustScaler,124,0,50.0,96.98208005359237,3.0179199464076367,0.0,0.0,0.0,0.0,7.194053888320923,0.23017239570617676
RobustScaler,127,0,50.0,96.98208005359237,3.0179199464076367,0.0,0.0,0.0,0.0,7.10773229598999,0.17862796783447266
RobustScaler,130,0,50.0,96.98208005359237,3.0179199464076367,0.0,0.0,0.0,0.0,6.246309041976929,0.21247291564941406
RobustScaler,133,0,50.0,96.98208005359237,3.0179199464076367,0.0,0.0,0.0,0.0,7.438125133514404,0.3194441795349121
RobustScaler,136,0,50.0,96.98208005359237,3.0179199464076367,0.0,0.0,0.0,0.0,8.111461877822876,0.2416696548461914
RobustScaler,139,0,50.0,96.98208005359237,3.0179199464076367,0.0,0.0,0.0,0.0,7.734324216842651,0.207383394241333
RobustScaler,142,0,50.0,96.98208005359237,3.0179199464076367,0.0,0.0,0.0,0.0,6.092470169067383,0.23345232009887695
RobustScaler,145,0,50.0,96.98208005359237,3.0179199464076367,0.0,0.0,0.0,0.0,6.245731592178345,0.20933938026428223
RobustScaler,148,0,50.0,96.98208005359237,3.0179199464076367,0.0,0.0,0.0,0.0,6.807626962661743,0.14315032958984375
RobustScaler,151,0,50.0,96.98208005359237,3.0179199464076367,0.0,0.0,0.0,0.0,6.938899993896484,0.24568438529968262
RobustScaler,154,0,50.0,96.98208005359237,3.0179199464076367,0.0,0.0,0.0,0.0,6.2698962688446045,0.19494271278381348
RobustScaler,157,0,50.0,96.98208005359237,3.0179199464076367,0.0,0.0,0.0,0.0,8.696512222290039,0.2533149719238281
RobustScaler,160,0,50.0,96.98208005359237,3.0179199464076367,0.0,0.0,0.0,0.0,10.293468952178955,0.1805734634399414
RobustScaler,163,0,50.0,96.98208005359237,3.0179199464076367,0.0,0.0,0.0,0.0,9.690753936767578,0.24516654014587402
RobustScaler,166,0,50.0,96.98208005359237,3.0179199464076367,0.0,0.0,0.0,0.0,9.641519546508789,0.18761706352233887
RobustScaler,169,0,50.0,96.98208005359237,3.0179199464076367,0.0,0.0,0.0,0.0,9.608026504516602,0.13303804397583008
RobustScaler,172,0,50.0,96.98208005359237,3.0179199464076367,0.0,0.0,0.0,0.0,9.429683446884155,0.26881909370422363
RobustScaler,175,0,50.0,96.98208005359237,3.0179199464076367,0.0,0.0,0.0,0.0,9.163042306900024,0.2094881534576416
RobustScaler,178,0,50.0,96.98208005359237,3.0179199464076367,0.0,0.0,0.0,0.0,9.747349739074707,0.23079538345336914
RobustScaler,181,0,50.0,96.98208005359237,3.0179199464076367,0.0,0.0,0.0,0.0,9.772210359573364,0.19988536834716797
RobustScaler,184,0,50.0,96.98208005359237,3.0179199464076367,0.0,0.0,0.0,0.0,9.127965211868286,0.2382047176361084
RobustScaler,187,0,50.0,96.98208005359237,3.0179199464076367,0.0,0.0,0.0,0.0,8.405038356781006,0.25405263900756836
RobustScaler,190,0,50.0,96.98208005359237,3.0179199464076367,0.0,0.0,0.0,0.0,9.672330856323242,0.24318170547485352
RobustScaler,193,0,50.0,96.98208005359237,3.0179199464076367,0.0,0.0,0.0,0.0,9.591542720794678,0.19875001907348633
RobustScaler,196,0,50.0,96.98208005359237,3.0179199464076367,0.0,0.0,0.0,0.0,9.942478656768799,0.2139897346496582
RobustScaler,199,0,50.0,96.98208005359237,3.0179199464076367,0.0,0.0,0.0,0.0,10.685417175292969,0.21399450302124023
RobustScaler,202,0,50.0,96.98208005359237,3.0179199464076367,0.0,0.0,0.0,0.0,9.629354000091553,0.2377021312713623
RobustScaler,205,0,50.0,96.98208005359237,3.0179199464076367,0.0,0.0,0.0,0.0,10.249842643737793,0.23450088500976562
RobustScaler,208,0,50.0,96.98208005359237,3.0179199464076367,0.0,0.0,0.0,0.0,9.994800329208374,0.21208810806274414
RobustScaler,211,0,50.0,96.98208005359237,3.0179199464076367,0.0,0.0,0.0,0.0,9.616618394851685,0.13686180114746094
RobustScaler,214,0,50.0,96.98208005359237,3.0179199464076367,0.0,0.0,0.0,0.0,10.638120651245117,0.15898680686950684
RobustScaler,217,0,50.0,96.98208005359237,3.0179199464076367,0.0,0.0,0.0,0.0,10.632782936096191,0.29911112785339355
RobustScaler,220,0,50.0,96.98208005359237,3.0179199464076367,0.0,0.0,0.0,0.0,8.980884552001953,0.22950434684753418
RobustScaler,223,0,50.0,96.98208005359237,3.0179199464076367,0.0,0.0,0.0,0.0,10.528021574020386,0.26851987838745117
RobustScaler,226,0,50.0,96.98208005359237,3.0179199464076367,0.0,0.0,0.0,0.0,8.752989768981934,0.1768033504486084
RobustScaler,229,0,50.0,96.98208005359237,3.0179199464076367,0.0,0.0,0.0,0.0,7.812655925750732,0.1833646297454834
RobustScaler,232,0,50.0,96.98208005359237,3.0179199464076367,0.0,0.0,0.0,0.0,8.855841159820557,0.2840275764465332
RobustScaler,235,0,50.0,96.98208005359237,3.0179199464076367,0.0,0.0,0.0,0.0,10.097349882125854,0.24115228652954102
RobustScaler,238,0,50.0,96.98208005359237,3.0179199464076367,0.0,0.0,0.0,0.0,9.295204877853394,0.20476722717285156
RobustScaler,241,0,50.0,96.98208005359237,3.0179199464076367,0.0,0.0,0.0,0.0,9.583766222000122,0.2755742073059082
RobustScaler,244,0,50.0,96.98208005359237,3.0179199464076367,0.0,0.0,0.0,0.0,7.433116912841797,0.30357861518859863
RobustScaler,247,0,50.0,96.98208005359237,3.0179199464076367,0.0,0.0,0.0,0.0,9.539296865463257,0.19921493530273438
RobustScaler,250,0,50.0,96.98208005359237,3.0179199464076367,0.0,0.0,0.0,0.0,9.492838621139526,0.23690509796142578
RobustScaler,253,0,50.0,96.98208005359237,3.0179199464076367,0.0,0.0,0.0,0.0,8.345597743988037,0.20361757278442383
RobustScaler,256,0,50.0,96.98208005359237,3.0179199464076367,0.0,0.0,0.0,0.0,8.926430463790894,0.28985023498535156
RobustScaler,259,0,50.0,96.98208005359237,3.0179199464076367,0.0,0.0,0.0,0.0,7.1134257316589355,0.19556665420532227
RobustScaler,262,0,50.0,96.98208005359237,3.0179199464076367,0.0,0.0,0.0,0.0,8.185519456863403,0.23517465591430664
RobustScaler,265,0,50.0,96.98208005359237,3.0179199464076367,0.0,0.0,0.0,0.0,7.94629168510437,0.20853614807128906
RobustScaler,268,0,50.0,96.98208005359237,3.0179199464076367,0.0,0.0,0.0,0.0,8.06217885017395,0.2644956111907959
RobustScaler,271,0,50.0,96.98208005359237,3.0179199464076367,0.0,0.0,0.0,0.0,8.804095029830933,0.23888611793518066
RobustScaler,274,0,50.0,96.98208005359237,3.0179199464076367,0.0,0.0,0.0,0.0,7.255152463912964,0.19997096061706543
RobustScaler,277,0,50.0,96.98208005359237,3.0179199464076367,0.0,0.0,0.0,0.0,7.366394281387329,0.31813669204711914
RobustScaler,280,0,50.0,96.98208005359237,3.0179199464076367,0.0,0.0,0.0,0.0,8.005403518676758,0.3341188430786133
RobustScaler,283,0,50.0,96.98208005359237,3.0179199464076367,0.0,0.0,0.0,0.0,6.940095901489258,0.15423154830932617
RobustScaler,286,0,50.0,96.98208005359237,3.0179199464076367,0.0,0.0,0.0,0.0,7.679915428161621,0.298830509185791
RobustScaler,289,0,50.0,96.98208005359237,3.0179199464076367,0.0,0.0,0.0,0.0,7.907248497009277,0.21898484230041504
RobustScaler,292,0,50.0,96.98208005359237,3.0179199464076367,0.0,0.0,0.0,0.0,7.623183012008667,0.2820265293121338
RobustScaler,295,0,50.0,96.98208005359237,3.0179199464076367,0.0,0.0,0.0,0.0,7.666715860366821,0.25107336044311523
RobustScaler,298,0,50.0,96.98208005359237,3.0179199464076367,0.0,0.0,0.0,0.0,7.890509843826294,0.23595857620239258
Normalizer,1,0,35.49523462414299,96.20517234942314,12.8454195277173,0.0412143866512759,0.1853985348444055,0.9909638554216867,0.1022656627754369,1.8742897510528564,0.26882290840148926
Normalizer,4,0,35.75625372926875,96.24944165004172,11.951096968681963,0.042066654029271636,0.16973563690344587,0.9926117473217584,0.09280237618291082,5.507482290267944,0.346707820892334
Normalizer,7,0,34.82349284260226,96.20496974856506,12.26595210182549,0.04204262301549211,0.1752574073490979,0.9921568627450981,0.0961179802445258,7.441060543060303,0.22696280479431152
Normalizer,10,0,34.58651585349857,96.18388741921471,13.51532406632055,0.039024864830357976,0.19708937122955408,0.9890761548064919,0.10944947157560268,6.673829078674316,0.2290329933166504
Normalizer,13,0,34.04157783439567,96.15704271951824,12.758331937698877,0.04211707239038083,0.1838179994986212,0.9915483434753212,0.1012986115907992,6.855561017990112,0.250669002532959
Normalizer,16,0,33.99867806694334,96.18244419661896,12.242505442974377,0.04194781573668781,0.17485512723607963,0.9921372408863474,0.09587621744836637,6.1798295974731445,0.2536354064941406
Normalizer,19,0,34.65500061830251,96.21364287178676,11.907553173672751,0.040578557916441084,0.16908884114747882,0.9918458117123795,0.09242246321751744,6.611679792404175,0.22240757942199707
Normalizer,22,0,35.07180090551992,96.23689516147074,11.468765700887623,0.04142352041698176,0.16126677878970583,0.9929660023446659,0.08775989500587138,6.410834789276123,0.24126338958740234
Normalizer,25,0,34.42835230930428,96.15919603753179,12.249204488360409,0.036832400965404445,0.17538558388416745,0.9893465909090909,0.09622159287145127,5.965717077255249,0.18980908393859863
Normalizer,28,0,34.0602917391182,96.16685107881256,12.219058784123263,0.041207681072026235,0.174504677607333,0.991765127103473,0.09566899219451544,6.60397481918335,0.25777125358581543
Normalizer,31,0,34.07089832952526,96.15529352409719,12.955953776586837,0.03731366645909038,0.18762699678014316,0.9887973640856672,0.10364716446777647,6.919099807739258,0.26274704933166504
Normalizer,34,0,34.20589757092597,96.16872918754538,12.406632054932173,0.04005298969589146,0.17787418655097614,0.990893169877408,0.09770670719071631,7.310737133026123,0.30223798751831055
Normalizer,37,0,34.31914314389153,96.17286841570684,12.728186233461733,0.03948198039860282,0.18351038826736862,0.9901927629354075,0.10112592387925676,6.417666912078857,0.2636275291442871
Normalizer,40,0,34.46710642170592,96.1951965796695,11.827164629040361,0.04090369341765668,0.1676468728261557,0.9921407185628742,0.09155902465980521,7.560972452163696,0.23688125610351562
Normalizer,43,0,34.353301194891635,96.19069451879074,12.554011053424889,0.04129235677637489,0.18033970675959937,0.9913703831549879,0.09919182150998135,6.198092937469482,0.2933006286621094
Normalizer,46,0,35.24139518791222,96.21757651784894,11.321386702394909,0.03743533759675462,0.1589631182693224,0.9908910891089109,0.0864129308558403,5.561492204666138,0.2515861988067627
Normalizer,49,0,33.6032442903616,96.13713807480664,11.813766538268297,0.03756060336601535,0.1676783004552352,0.9902912621359223,0.0915935622021137,6.483819246292114,0.327622652053833
Normalizer,52,0,34.64176825470108,96.18266471658227,11.254396248534585,0.04053589208365881,0.15752488155426245,0.9927855711422846,0.08554949229812807,7.2425291538238525,0.30071592330932617
Normalizer,55,0,33.91277311778636,96.17168192618458,11.482163791659689,0.04147858433082971,0.16150014278008692,0.9929769801014436,0.08789804517510534,6.785943269729614,0.39185500144958496
Normalizer,58,0,33.95783100247727,96.15395736149446,12.825322391559201,0.03613854622334573,0.18546569854782174,0.9883255503669113,0.10233473786005388,6.698781490325928,0.2791781425476074
Normalizer,61,0,34.32881442238702,96.19638790719407,13.411488862837045,0.038597922218075134,0.19534970585488842,0.9889694295619288,0.1083788077640395,5.348451375961304,0.29709458351135254
Normalizer,64,0,35.08577308551043,96.22596361577979,11.562552336292079,0.041807973491831726,0.16289908373228495,0.9930421337456513,0.08872694619050908,4.507944583892822,0.2579629421234131
Normalizer,67,0,33.58682074984876,96.138777594339,13.130128956623683,0.03374603787637479,0.19092185306504444,0.9867784585617543,0.10568487946397734,5.069756269454956,0.2763195037841797
Normalizer,70,0,33.149175273388984,96.08916221827903,11.857310333277509,0.04168524820177353,0.16811557550659123,0.992534527808884,0.09183532499827313,5.176480293273926,0.2069251537322998
Normalizer,73,0,34.153205777743665,96.17496525944908,13.294255568581478,0.038112842981127784,0.19338152810669326,0.9888463989802422,0.10716999378324238,4.902966737747192,0.23521828651428223
Normalizer,76,0,33.95371601339091,96.15033979735121,11.626193267459387,0.03807771043890128,0.1643228176865577,0.9908326967150497,0.08959038474822131,6.252615213394165,0.310330867767334
Normalizer,79,0,34.81435246861396,96.19693089632399,13.026293753140179,0.03699151906722746,0.18886667499687618,0.9885546108567691,0.10440699039856324,5.452219486236572,0.2734200954437256
Normalizer,82,0,33.35420791079148,96.07933658280868,11.693183721319713,0.03968697292020393,0.16537925794605546,0.9916476841305999,0.09021206050977412,6.7069172859191895,0.3521432876586914
Normalizer,85,0,34.774051641637236,96.169083938528,11.673086585161615,0.04159359973235753,0.1648720547251077,0.9927536231884058,0.08990122262899772,5.93090295791626,0.3072538375854492
Normalizer,88,0,34.67594547192888,96.1789394769865,12.79182716462904,0.04037056575398191,0.1845402154848409,0.9905850706119704,0.10174759964080957,5.585378408432007,0.26326489448547363
Normalizer,91,0,35.06094132090728,96.2089697768619,12.088427399095629,0.043271749144048854,0.17205047318611988,0.9930808448652586,0.0941838778752504,6.339431524276733,0.3459744453430176
Normalizer,94,0,34.85115929228167,96.18751035081267,12.209010216044213,0.04052156295556296,0.1743841743841744,0.9914040114613181,0.09559991710989846,6.0638747215271,0.29749178886413574
Normalizer,97,0,34.8981280498739,96.1916129772167,12.574108189582983,0.041373911435376595,0.1806824245848636,0.9913882190837066,0.09939904676383228,6.593567609786987,0.45775532722473145
Normalizer,100,0,34.788315148288724,96.15524296932762,12.966002344665887,0.03549938037809892,0.18794924682792674,0.9878449408672799,0.10385438972162742,6.242250204086304,0.5005195140838623
Normalizer,103,0,34.85817796486401,96.16413301169668,10.708424049572935,0.039617462368241416,0.14781663576497667,0.993127147766323,0.07985079781722733,5.3961029052734375,0.22307038307189941
Normalizer,106,0,34.446909050959704,96.12945686643879,11.251046725841569,0.041882239085659245,0.15735911461646102,0.993574297188755,0.0854458796712026,6.574692726135254,0.2850205898284912
Normalizer,109,0,34.99223039461653,96.19632687891666,12.657846256908389,0.04171269303565101,0.18210902703719967,0.9914617486338798,0.10026248532154453,6.3275146484375,0.3557577133178711
Normalizer,112,0,34.268908461099876,96.12962573654858,11.086920113883773,0.03983348907007758,0.15459091053855217,0.992638036809816,0.0838226151827036,6.518632650375366,0.2674992084503174
Normalizer,115,0,34.68379212554768,96.15352684062391,10.889298274995813,0.038300968318896324,0.15117095271520642,0.9920435510887772,0.08181943772881121,5.555637836456299,0.24036550521850586
Normalizer,118,0,34.83525132329386,96.14984191725084,11.076871545804723,0.03841985532177277,0.15452229299363057,0.9918233851185609,0.08378807764039511,7.109794616699219,0.3761942386627197
Normalizer,121,0,34.65291149948362,96.14201576242026,12.118573103332775,0.036270044011947326,0.1731429832025464,0.9891969751530428,0.09487462872142019,6.4100260734558105,0.2150287628173828
Normalizer,124,0,34.15295278353808,96.12027377033311,11.207502930832357,0.037619054169840196,0.15691886906465669,0.9911611088790679,0.08520411687504317,6.195835113525391,0.2396702766418457
Normalizer,127,0,34.481889333127974,96.13667416589806,12.332942555685815,0.03591384344572224,0.176923802635303,0.9887521968365554,0.09715410651378048,6.499448299407959,0.4753303527832031
Normalizer,130,0,33.986283267492226,96.1051401764943,10.919443979232959,0.04050829344565036,0.15153932046578403,0.9933082392304475,0.08202666298266216,5.133336544036865,0.18103456497192383
Normalizer,133,0,35.16905034485026,96.16739227565385,11.803717970189249,0.03554920233481856,0.1676623992413466,0.9891831406191719,0.0915935622021137,5.624096632003784,0.3841712474822998
Normalizer,136,0,34.540654903867186,96.12784417110056,11.197454362753307,0.03893573779586018,0.15663570428807735,0.991941982272361,0.08503142916350072,5.776508569717407,0.3008153438568115
Normalizer,139,0,34.38188954012323,96.13902661519751,12.413331100318205,0.03562506684820665,0.1783503534956795,0.9885057471264368,0.09801754507149271,6.015228271484375,0.2533559799194336
Normalizer,142,0,34.88383579388087,96.15763669899084,12.054932172165467,0.03728927001654122,0.17194398889870063,0.9898329702251271,0.09414934033294191,5.993076324462891,0.26560020446777344
Normalizer,145,0,34.95897698956368,96.1548523723295,11.177357226595209,0.03816896367833527,0.15633749045558668,0.9915254237288136,0.08485874145195828,5.855368137359619,0.2339766025543213
Normalizer,148,0,34.23021184738132,96.11554141261325,12.13197119410484,0.03891010887974259,0.17316481230497682,0.9906238730616661,0.09487462872142019,6.165451526641846,0.4770495891571045
Normalizer,151,0,33.93194317872806,96.11137455237954,12.111874057946743,0.034951299839639925,0.1731320707150285,0.9884850665707089,0.09487462872142019,7.912781000137329,0.2547776699066162
Normalizer,154,0,35.00072103348593,96.17043395328291,12.607603416513147,0.037090403527084724,0.18161287287098898,0.9890673044072429,0.0999861849830766,8.513804197311401,0.33379030227661133
Normalizer,157,0,34.83464183725312,96.16194275429466,12.004689331770223,0.037723555816091096,0.17102647439336088,0.9901351845085861,0.09359673965600608,6.217986822128296,0.24372100830078125
Normalizer,160,0,34.65828187648409,96.14252683411604,12.07837883101658,0.03609602339920843,0.1724518427440966,0.9891500904159132,0.09446017821371831,6.797964096069336,0.2283792495727539
Normalizer,163,0,35.28716030640511,96.19300919504866,12.440127281862335,0.03574094653804626,0.17880815505921527,0.9885376866967697,0.09829384540996063,6.863627672195435,0.2538414001464844
Normalizer,166,0,34.214507040407085,96.13266943435352,10.450510802210685,0.039936118780426966,0.1431364379346816,0.9937694704049844,0.07712233197485667,6.0313639640808105,0.21098113059997559
Normalizer,169,0,34.66851472545107,96.14479531345005,12.219058784123263,0.037988003688274694,0.17476461882419625,0.9900107028184089,0.09584167990605788,6.91664719581604,0.26976943016052246
Normalizer,172,0,34.741378973283574,96.15224745102454,12.805225255401107,0.03169839735068254,0.18548185231539424,0.9860279441117764,0.10236927540236236,6.734204053878784,0.263416051864624
Normalizer,175,0,35.371236797439884,96.19411420810553,11.401775247027299,0.038454538820247706,0.16031237103584015,0.9913623871221044,0.08720729432893555,6.419147968292236,0.27236413955688477
Normalizer,178,0,34.41816545928377,96.13629036977171,11.257745771227599,0.037159072350777006,0.1578512396694215,0.9908220271348763,0.085756717551979,7.043002128601074,0.30947017669677734
Normalizer,181,0,35.714469436268345,96.21243945367728,10.731870708424049,0.03761741889609825,0.14839431219044577,0.9918838103374626,0.08019617324031222,8.24597454071045,0.2715115547180176
Normalizer,184,0,34.918931073415315,96.1685383279759,11.51565901858985,0.038939073822913596,0.16229586174092278,0.9914761720263464,0.08838157076742419,5.299797296524048,0.24504518508911133
Normalizer,187,0,35.295769775886235,96.18091253210224,11.790319879417183,0.038775363532602344,0.16716738876063375,0.9910011248593926,0.0912827243213373,6.691189527511597,0.288100004196167
Normalizer,190,0,36.02886265228239,96.23412526218245,12.677943393066487,0.038016595535702476,0.18275862068965518,0.9894772572980313,0.10067693582924639,7.397303581237793,0.29459071159362793
Normalizer,193,0,35.18377000772092,96.18606810668986,11.947747445988947,0.03813226629249493,0.16999242232887093,0.9904341427520236,0.09297506389445327,6.835696220397949,0.2788717746734619
Normalizer,196,0,34.837056781942835,96.15256979436013,11.994640763691173,0.03638110603208419,0.1709579704657327,0.9894083272461651,0.09356220211369759,5.9067888259887695,0.26877856254577637
Normalizer,199,0,35.92528452456677,96.22673805971218,12.580807234969015,0.036346015435243934,0.1812078431372549,0.9887024991441288,0.09974442218691718,6.284348249435425,0.24388790130615234
Normalizer,202,0,35.029228880561206,96.17819521552153,12.3094958968347,0.0370903243800274,0.1764187743802693,0.9894142554693014,0.09684326863300408,7.412066221237183,0.24985241889953613
Normalizer,205,0,35.863887430764876,96.20721911289725,12.155417852955953,0.036429151559929075,0.17377606956083422,0.9892395982783357,0.09525454168681356,7.630871057510376,0.27592015266418457
Normalizer,208,0,35.97236061303409,96.22826486897706,12.17551498911405,0.037159353822081,0.17406917406917408,0.9896131805157593,0.09542722939835602,6.892011404037476,0.24689149856567383
Normalizer,211,0,35.84597084111451,96.2369006794224,12.91575950427064,0.03714425025664336,0.18694686806141914,0.9887528944756864,0.1032327139600746,6.576662302017212,0.28917574882507324
Normalizer,214,0,35.53831455413567,96.21165950267549,12.232456874895327,0.03804471453167141,0.17499449009791884,0.9900249376558603,0.09597983007529184,6.996659517288208,0.38732051849365234
Normalizer,217,0,35.24673489894836,96.18710632590538,12.825322391559201,0.037384900250752535,0.18536371603856266,0.9889779559118237,0.1022656627754369,6.525421142578125,0.3258490562438965
Normalizer,220,0,35.936167108652654,96.23148019223765,11.522358063975883,0.039635751627575565,0.1623592833359759,0.9918636187524216,0.08841610830973268,6.627558946609497,0.23930597305297852
Normalizer,223,0,35.88728556153635,96.22077500816646,12.14871880756992,0.03898036379337733,0.17345266607840665,0.9906407487401008,0.09504731643296263,7.24763035774231,0.2696354389190674
Normalizer,226,0,36.080205143034874,96.25647717538159,11.67643610785463,0.03696924615523434,0.16530024374030577,0.9901403109594236,0.09017752296746563,8.408101081848145,0.2865617275238037
Normalizer,229,0,35.68714414544192,96.21423055072292,12.332942555685815,0.03719035523181943,0.17682025475703728,0.989440337909187,0.0970850314291635,7.354376316070557,0.2710235118865967
Normalizer,232,0,35.65227502739429,96.21922600790403,12.054932172165467,0.0392349518869979,0.1717872689420226,0.9909024745269287,0.09404572770601644,8.826120138168335,0.42862796783447266
Normalizer,235,0,35.74016559774059,96.22135161416185,12.744933846926813,0.038297354030766326,0.18389724310776942,0.9895482130815914,0.10136768667541618,5.8909993171691895,0.37999558448791504
Normalizer,238,0,35.592037490368014,96.2227319277149,11.793669402110199,0.038789521684254674,0.1672253494402631,0.9910044977511244,0.09131726186364578,6.852967739105225,0.3370063304901123
Normalizer,241,0,35.5377759831374,96.2214734286843,12.433428236476301,0.03888959805634886,0.17843562427327866,0.9902336937565399,0.0980520826138012,7.3643035888671875,0.27461695671081543
Normalizer,244,0,36.14896398489486,96.25591813932266,12.624351029978229,0.03905166729098013,0.1817440401505646,0.9900888585099111,0.10005526006769358,7.778087854385376,0.20023202896118164
Normalizer,247,0,35.716884380958064,96.22296713644025,12.520515826494725,0.03735220877854793,0.18007722977427557,0.9893066574680924,0.0990536713407474,8.435636043548584,0.22286534309387207
Normalizer,250,0,35.01550202828522,96.18109458408168,12.22910735220231,0.039316548066565184,0.17483310240584457,0.9907209136331192,0.09587621744836637,7.481443166732788,0.22449231147766113
Normalizer,253,0,36.06306095236066,96.25315597395824,12.517166303801709,0.03797110737458141,0.17996860282574567,0.9896408839779005,0.09898459625613042,6.966677665710449,0.264451265335083
Normalizer,256,0,34.795998888972115,96.16850806139406,11.287891475464747,0.04067541698419281,0.15811055659747608,0.9928143712574851,0.08589486772121296,6.160550117492676,0.23442625999450684
Normalizer,259,0,35.523410895479124,96.22515331002512,11.800368447496231,0.037503153638253135,0.16744656633362842,0.9902767389678384,0.09145541203287974,7.0130839347839355,0.3286607265472412
Normalizer,262,0,36.152254826190294,96.24616370519242,11.96114553676101,0.03884109503819696,0.17017111826734863,0.9908088235294118,0.09307867652137874,5.8031861782073975,0.22122597694396973
Normalizer,265,0,36.244177970843886,96.25674587145907,12.182214034500085,0.03847601205426886,0.17408014112903225,0.9903225806451613,0.09542722939835602,7.634810447692871,0.23154163360595703
Normalizer,268,0,35.345076813257386,96.20853520981696,12.111874057946743,0.038825703517578185,0.17281926799281233,0.9906035417419587,0.09466740346756924,7.199882507324219,0.42494988441467285
Normalizer,271,0,36.49541463335351,96.2658416065496,12.038184558700385,0.04046512048020599,0.17139431420187423,0.9916027747353049,0.09380396490985701,5.752840757369995,0.21518206596374512
Normalizer,274,0,35.539790353668266,96.20969144161238,12.071679785630547,0.03995393157178045,0.17202334016716606,0.9912758996728462,0.0941838778752504,5.959676742553711,0.24120306968688965
Normalizer,277,0,35.49392557079134,96.20544528065139,12.14871880756992,0.039626448502042756,0.17340056728647968,0.9909942363112392,0.09501277889065414,7.131608486175537,0.2318408489227295
Normalizer,280,0,35.20890843196721,96.20221039392037,12.205660693351197,0.037931243825857816,0.174534689635625,0.9899964272954627,0.09570352973682393,6.75304913520813,0.25348377227783203
Normalizer,283,0,36.08545285617809,96.24069823067127,12.178864511807069,0.04039737626145264,0.17386646500929515,0.9913762127200862,0.09528907922912205,7.199807643890381,0.37632298469543457
Normalizer,286,0,35.55449660017953,96.21933796750884,12.399933009546139,0.04002534566382596,0.17775961266387902,0.9908867858394672,0.09763763210609933,6.899140119552612,0.41355443000793457
Normalizer,289,0,36.263164035999694,96.24824235824238,12.125272148718807,0.04017602550914442,0.17294536742221242,0.9913263462233466,0.09473647855218623,7.422938108444214,0.45632195472717285
Normalizer,292,0,35.360476877211255,96.20548072293496,12.138670239490873,0.037646703788089896,0.17338417420351054,0.9899244332493703,0.09501277889065414,7.438795566558838,0.4146256446838379
Normalizer,295,0,35.635981817229776,96.23111209049422,11.833863674426395,0.03961609449207126,0.1678679817905918,0.991411501120239,0.09169717482903916,7.8557610511779785,0.375913143157959
Normalizer,298,0,36.55954483122488,96.2823381346637,12.172165466421035,0.04101595872365236,0.17369930356411306,0.991723641597697,0.0951854666021966,7.162048816680908,0.29987001419067383
