scaler,nCluster,noise_percentage,AUCROC,AUCPR,Accuracy,MCC,F1 Score,Precision,Recall,Time Train,Time Test
StandardScaler,1,0,19.083153386212842,5.487679627760529,90.58741502527454,0.0,0.0,0.0,0.0,0.630812406539917,1.1090672016143799
StandardScaler,4,0,22.513833479429017,5.698507446907307,90.58741502527454,0.0,0.0,0.0,0.0,0.6614151000976562,1.0944464206695557
StandardScaler,7,0,29.923807894868126,6.171966088407559,90.58741502527454,0.0,0.0,0.0,0.0,0.14310979843139648,1.0805492401123047
StandardScaler,10,0,21.53061524098661,5.631543317083853,9.416071117308698,0.0019032711500814594,0.17206219729798625,0.09412913122298146,1.0,0.44893717765808105,1.1046476364135742
StandardScaler,13,0,20.822223647545947,5.555304152159833,90.58741502527454,0.0,0.0,0.0,0.0,0.28173828125,1.133929967880249
StandardScaler,16,0,25.193879659917762,5.867761251641821,90.58741502527454,0.0,0.0,0.0,0.0,0.052434444427490234,1.0842885971069336
StandardScaler,19,0,28.894172563943588,6.091712857613603,90.58741502527454,0.0,0.0,0.0,0.0,0.14387893676757812,1.0967626571655273
StandardScaler,22,0,27.283086395997692,5.985763452521262,90.58741502527454,0.0,0.0,0.0,0.0,0.11924147605895996,1.0947647094726562
StandardScaler,25,0,30.10429093707908,6.178211279139247,90.58741502527454,0.0,0.0,0.0,0.0,0.10262703895568848,1.088632583618164
StandardScaler,28,0,30.916712633356852,6.240350577084943,90.58741502527454,0.0,0.0,0.0,0.0,0.11351227760314941,1.0793566703796387
StandardScaler,31,0,36.187162109194055,6.727391223645178,90.58741502527454,0.0,0.0,0.0,0.0,0.11906838417053223,1.1061384677886963
StandardScaler,34,0,32.61187152131928,6.380289152853745,9.416071117308698,0.0019032711500814594,0.17206219729798625,0.09412913122298146,1.0,0.0914921760559082,1.0972554683685303
StandardScaler,37,0,32.92805393424982,6.410423646767076,90.58741502527454,0.0,0.0,0.0,0.0,0.04753279685974121,1.0855915546417236
StandardScaler,40,0,28.23629871934663,6.0368348665155915,90.58741502527454,0.0,0.0,0.0,0.0,0.07342410087585449,1.0646295547485352
StandardScaler,43,0,38.47957724898268,6.968634663094959,90.58741502527454,0.0,0.0,0.0,0.0,0.26144909858703613,1.1179423332214355
StandardScaler,46,0,37.27526992068073,6.840808714696781,90.58741502527454,0.0,0.0,0.0,0.0,0.0465693473815918,1.1034069061279297
StandardScaler,49,0,37.66318460080246,6.874752278883724,90.58741502527454,0.0,0.0,0.0,0.0,0.42202186584472656,1.1078710556030273
StandardScaler,52,0,23.25476806419658,5.746383843364898,90.58741502527454,0.0,0.0,0.0,0.0,0.048397064208984375,1.0842678546905518
StandardScaler,55,0,36.6363828134465,6.770481743599416,90.58741502527454,0.0,0.0,0.0,0.0,0.35521769523620605,1.112989902496338
StandardScaler,58,0,30.882161360899097,6.248666510020453,9.416071117308698,0.0019032711500814594,0.17206219729798625,0.09412913122298146,1.0,0.0608210563659668,1.0772919654846191
StandardScaler,61,0,21.34450787135028,5.6398426598816584,90.58741502527454,0.0,0.0,0.0,0.0,0.11424803733825684,1.091980218887329
StandardScaler,64,0,40.2556945246189,7.19900933540869,90.58741502527454,0.0,0.0,0.0,0.0,0.05163693428039551,1.080075740814209
StandardScaler,67,0,33.717054711051254,6.487336090361427,90.58741502527454,0.0,0.0,0.0,0.0,0.05060863494873047,1.080829381942749
StandardScaler,70,0,25.9138862164069,5.896848797393678,90.58741502527454,0.0,0.0,0.0,0.0,0.04918050765991211,1.0954864025115967
StandardScaler,73,0,39.36844333269194,7.078601995497746,90.58741502527454,0.0,0.0,0.0,0.0,0.1353130340576172,1.0887651443481445
StandardScaler,76,0,23.02811878647938,5.681523119294059,90.58741502527454,0.0,0.0,0.0,0.0,0.47281837463378906,1.074751853942871
StandardScaler,79,0,37.44219670892751,6.8524306583723575,9.423043402475162,0.0032966772654012396,0.1720731629596584,0.09413569486088837,1.0,0.4580368995666504,1.0988328456878662
StandardScaler,82,0,28.77767943044064,6.053403276376578,90.58741502527454,0.0,0.0,0.0,0.0,0.4207949638366699,1.098806619644165
StandardScaler,85,0,16.70403295348456,5.416996207436798,90.58741502527454,0.0,0.0,0.0,0.0,0.34256935119628906,1.0748498439788818
StandardScaler,88,0,37.227135313107986,6.839181253440334,90.58741502527454,0.0,0.0,0.0,0.0,0.0771322250366211,1.0765411853790283
StandardScaler,91,0,30.29182648108952,6.196209147791057,90.58741502527454,0.0,0.0,0.0,0.0,0.1317601203918457,1.0792276859283447
StandardScaler,94,0,35.991073197499986,6.691839947218649,9.450932543141015,0.00631353690792325,0.1721170395869191,0.09416195856873823,1.0,0.04839491844177246,1.0962855815887451
StandardScaler,97,0,33.58037329228401,6.467845969777514,9.423043402475162,0.0032966772654012396,0.1720731629596584,0.09413569486088837,1.0,0.1340024471282959,1.0834248065948486
StandardScaler,100,0,40.17307420947982,7.179163521691807,9.489280111556562,0.0017744600392247786,0.17207181351446155,0.09414145643602359,0.9992592592592593,0.13662123680114746,1.1075737476348877
StandardScaler,103,0,35.44728511463166,6.636276961245044,90.58741502527454,0.0,0.0,0.0,0.0,0.05995583534240723,1.0930938720703125
StandardScaler,106,0,34.40722781661785,6.536589210284058,9.506710824472721,0.006497749579849965,0.17215206021176171,0.09418620882188722,0.9996296296296296,0.513087272644043,1.0937728881835938
StandardScaler,109,0,38.977642372023745,7.11842977287716,90.58741502527454,0.0,0.0,0.0,0.0,0.5340371131896973,1.0753555297851562
StandardScaler,112,0,39.240295327076154,7.05956570198539,9.44396025797455,0.0057106098535469815,0.17210606833248343,0.09415539126795927,1.0,0.4598238468170166,1.0804872512817383
StandardScaler,115,0,37.127087564763144,6.809001050795738,90.58741502527454,0.0,0.0,0.0,0.0,0.1797339916229248,1.0868306159973145
StandardScaler,118,0,38.686176497837074,6.9844641012416,9.475335541223636,0.008077289537705491,0.1721554499952179,0.09418495133777514,1.0,0.19273805618286133,1.1110131740570068
StandardScaler,121,0,33.10460023232776,6.425174515080891,9.457904828307477,0.0021509534283648372,0.1720752311125279,0.09414021625392396,0.9996296296296296,0.04883217811584473,1.0783343315124512
StandardScaler,124,0,38.675241414206205,6.984372287870963,90.58741502527454,0.0,0.0,0.0,0.0,0.20573782920837402,1.1310529708862305
StandardScaler,127,0,36.83760859185142,6.780090962504784,9.416071117308698,0.0019032711500814594,0.17206219729798625,0.09412913122298146,1.0,0.5752558708190918,1.091707706451416
StandardScaler,130,0,38.099213933964755,6.920044879760932,90.58741502527454,0.0,0.0,0.0,0.0,0.10018682479858398,1.0856761932373047
StandardScaler,133,0,35.98184565169365,6.690326577972296,90.58741502527454,0.0,0.0,0.0,0.0,0.24540042877197266,1.1035292148590088
StandardScaler,136,0,36.077678717778774,6.697868116302868,9.41955725989193,0.0026916787932435692,0.1720676799541153,0.09413241292751805,1.0,0.40849995613098145,1.0882251262664795
StandardScaler,139,0,35.903995895067666,6.681749597588422,9.44047411539132,0.005383920728659972,0.17210058322975427,0.0941521079610838,1.0,0.21547389030456543,1.0846796035766602
StandardScaler,142,0,33.13939095917161,6.447922221373756,9.430015687641625,0.004256140442137135,0.17208413001912046,0.09414225941422594,1.0,0.2600548267364502,1.1044535636901855
StandardScaler,145,0,32.07670522167347,6.355683304708376,90.58741502527454,0.0,0.0,0.0,0.0,0.1448221206665039,1.0843183994293213
StandardScaler,148,0,33.99523371745808,6.521537009817823,9.722851664633083,0.0005039634757360561,0.1720168819542141,0.09413493840985443,0.9962962962962963,0.13339948654174805,1.1140155792236328
StandardScaler,151,0,33.64877885389719,6.48488894352479,9.423043402475162,0.0032966772654012396,0.1720731629596584,0.09413569486088837,1.0,0.16571593284606934,1.1180191040039062
StandardScaler,154,0,34.9772974436819,6.610687386362457,9.447446400557782,0.006019616281985908,0.17211155378486057,0.09415867480383609,1.0,0.15535831451416016,1.0989830493927002
StandardScaler,157,0,36.8798993721449,6.799361569150599,90.58741502527454,0.0,0.0,0.0,0.0,0.440532922744751,1.1100947856903076
StandardScaler,160,0,33.57353316371981,6.461304678071995,9.548544535471502,0.0012513248259430933,0.17205948050290382,0.09414065228018717,0.9985185185185185,0.16727304458618164,1.0959725379943848
StandardScaler,163,0,34.62845943885005,6.571418565536155,9.531113822555342,0.005175495946149029,0.17213768462691806,0.09418089154187174,0.9992592592592593,0.18689918518066406,1.0823581218719482
StandardScaler,166,0,33.18379834519915,6.445274934047589,9.492766254139793,0.0054745477797169964,0.17213010204081633,0.09417306350314027,0.9996296296296296,0.14833760261535645,1.078263759613037
StandardScaler,169,0,33.83837684134009,6.505414386506411,9.416071117308698,0.0019032711500814594,0.17206219729798625,0.09412913122298146,1.0,0.14678525924682617,1.1225812435150146
StandardScaler,172,0,34.98069256479878,6.6126433075649,9.416071117308698,0.0019032711500814594,0.17206219729798625,0.09412913122298146,1.0,0.4539642333984375,1.142000675201416
StandardScaler,175,0,33.00506845117197,6.431189877397074,90.58741502527454,0.0,0.0,0.0,0.0,0.45081186294555664,1.0848910808563232
StandardScaler,178,0,37.06004603795637,6.819666291522972,9.430015687641625,0.004256140442137135,0.17208413001912046,0.09414225941422594,1.0,0.5484039783477783,1.0774965286254883
StandardScaler,181,0,27.81095076219186,6.033044417478376,9.430015687641625,0.004256140442137135,0.17208413001912046,0.09414225941422594,1.0,0.07803726196289062,1.081646203994751
StandardScaler,184,0,33.92506217974758,6.511830330845666,9.79954680146418,0.0012332603458723248,0.172032,0.09415061295971978,0.9955555555555555,0.45380353927612305,1.1131842136383057
StandardScaler,187,0,37.34257940834812,6.836342537205289,9.426529545058393,0.0038067413749562685,0.172078646314649,0.09413897702311635,1.0,0.33466315269470215,1.075268268585205
StandardScaler,190,0,31.855125820451974,6.330350421294652,9.46139097089071,0.0025586302720009683,0.1720807166310689,0.09414349994767868,0.9996296296296296,0.3175179958343506,1.1062076091766357
StandardScaler,193,0,35.274015635801284,6.636263669253569,9.457904828307477,0.0021509534283648372,0.1720752311125279,0.09414021625392396,0.9996296296296296,0.0950922966003418,1.0982792377471924
StandardScaler,196,0,33.94569374069085,6.494322909590215,9.52762767997211,0.004931784871093612,0.17213219344136788,0.09417760402122312,0.9992592592592593,0.45876574516296387,1.1055703163146973
StandardScaler,199,0,33.150082312445214,6.434399705046359,9.423043402475162,0.0032966772654012396,0.1720731629596584,0.09413569486088837,1.0,0.45113539695739746,1.1019177436828613
StandardScaler,202,0,33.695433975441674,6.479478374361823,90.58741502527454,0.0,0.0,0.0,0.0,0.4620168209075928,1.0824429988861084
StandardScaler,205,0,32.218969633478004,6.352886500306925,9.471849398640405,0.007849577547399286,0.17214996174445293,0.09418166596902469,1.0,0.4491300582885742,1.0903184413909912
StandardScaler,208,0,33.224455704501885,6.4423375334136574,9.423043402475162,0.0032966772654012396,0.1720731629596584,0.09413569486088837,1.0,0.48417067527770996,1.1117866039276123
StandardScaler,211,0,32.78903783521832,6.397919040397598,90.58741502527454,0.0,0.0,0.0,0.0,0.5279102325439453,1.1046550273895264
StandardScaler,214,0,39.905129027430355,7.13894003785024,9.691476381383998,0.005615657295730572,0.17217908158374076,0.09421886475710839,0.9977777777777778,0.4706294536590576,1.1094298362731934
StandardScaler,217,0,34.651672261062295,6.572735260586754,90.58741502527454,0.0,0.0,0.0,0.0,0.46526193618774414,1.085923194885254
StandardScaler,220,0,39.35371261197699,7.057142475504004,9.499738539306257,0.002741064168220493,0.17208827656588851,0.09415131211613624,0.9992592592592593,0.45270609855651855,1.0830466747283936
StandardScaler,223,0,30.645707281266255,6.224469528797927,9.454418685724246,0.006594389224329869,0.1721225257386925,0.09416524256268964,1.0,0.05967903137207031,1.1091132164001465
StandardScaler,226,0,39.17016512375373,7.06838857488893,9.593864389053513,6.0865817467856835e-05,0.17202515883911754,0.09412669019251599,0.9977777777777778,0.14786624908447266,1.0891985893249512
StandardScaler,229,0,35.349407421660636,6.646683196747263,9.492766254139793,0.009131270192829952,0.17218289649894777,0.09420138162026376,1.0,0.07154488563537598,1.089689016342163
StandardScaler,232,0,31.85232292134351,6.323020561531838,9.416071117308698,0.0019032711500814594,0.17206219729798625,0.09412913122298146,1.0,0.4635579586029053,1.0841026306152344
StandardScaler,235,0,34.005014288870356,6.509475596793742,9.41955725989193,0.0026916787932435692,0.1720676799541153,0.09413241292751805,1.0,0.5576632022857666,1.0976667404174805
StandardScaler,238,0,39.860145097955375,7.1456376679758975,9.614781244552901,0.0076518917916655665,0.17221672360397178,0.09423150833304217,0.9988888888888889,0.5713820457458496,1.0876142978668213
StandardScaler,241,0,32.2724064453139,6.352469009143125,9.436987972808089,0.005036108884357533,0.17209509847663967,0.09414882488318571,1.0,0.45556163787841797,1.1084067821502686
StandardScaler,244,0,37.287385172357276,6.83893256987602,9.506710824472721,0.0003738605263975661,0.1720464404184741,0.09412955465587045,0.9988888888888889,0.46165990829467773,1.0964586734771729
StandardScaler,247,0,37.460560579821696,6.917400120536994,9.457904828307477,0.00686377760941832,0.1721280122402142,0.09416852678571429,1.0,0.36892104148864746,1.1023993492126465
StandardScaler,250,0,38.30767465560616,6.970617435193217,90.58741502527454,0.0,0.0,0.0,0.0,0.14111924171447754,1.116318702697754
StandardScaler,253,0,35.17105666374475,6.619765457229727,9.416071117308698,0.0019032711500814594,0.17206219729798625,0.09412913122298146,1.0,0.0979318618774414,1.101008653640747
StandardScaler,256,0,28.724164225799786,6.060894531265657,90.58741502527454,0.0,0.0,0.0,0.0,0.08978915214538574,1.1015169620513916
StandardScaler,259,0,37.14467249624071,6.837336572768773,9.464877113473941,0.007373137016400839,0.17213898629263627,0.09417509591907917,1.0,0.08123302459716797,1.1000735759735107
StandardScaler,262,0,36.90571483548201,6.820057133319649,90.58741502527454,0.0,0.0,0.0,0.0,0.2986721992492676,1.0985827445983887
StandardScaler,265,0,36.839822119598914,6.805627847904974,9.475335541223636,0.003991569708630553,0.17210266220309262,0.09415663701377987,0.9996296296296296,0.06362509727478027,1.0875794887542725
StandardScaler,268,0,38.78974194513929,7.010474920551051,9.423043402475162,0.0032966772654012396,0.1720731629596584,0.09413569486088837,1.0,0.058347463607788086,1.086057424545288
StandardScaler,271,0,38.15896136660039,6.980658397580848,90.58741502527454,0.0,0.0,0.0,0.0,0.06126260757446289,1.1018266677856445
StandardScaler,274,0,37.50588373634362,6.8619022102110625,9.80303294404741,0.008773610239487268,0.17230237691544836,0.09429601876816415,0.9974074074074074,0.061264753341674805,1.0795958042144775
StandardScaler,277,0,37.81716588630193,6.888640973114449,90.58741502527454,0.0,0.0,0.0,0.0,0.06319546699523926,1.1049563884735107
StandardScaler,280,0,36.148475972605276,6.725957558390477,9.63221195746906,0.0024768396810612896,0.17208559565633982,0.094162880111849,0.9977777777777778,0.06646108627319336,1.0899863243103027
StandardScaler,283,0,35.47928862092803,6.649976862520424,9.517169252222416,0.004164706773066298,0.17211572198653952,0.09416774283620118,0.9992592592592593,0.06162595748901367,1.08986496925354
StandardScaler,286,0,37.52361120019385,6.8742212922161,9.478821683806867,0.004310913803041573,0.17210814947073078,0.09415992185319565,0.9996296296296296,0.4654839038848877,1.1058237552642822
StandardScaler,289,0,39.598407913397324,7.1462870616074055,9.485793968973331,0.0014287561254291686,0.17206632653061224,0.09413817166782973,0.9992592592592593,0.5862154960632324,1.09765625
StandardScaler,292,0,36.79842002864901,6.785793706451104,90.58741502527454,0.0,0.0,0.0,0.0,0.46587562561035156,1.1420156955718994
StandardScaler,295,0,34.53991262765555,6.578138212215326,9.478821683806867,0.0006955057650899464,0.17205535361265226,0.09413160281906356,0.9992592592592593,0.06543803215026855,1.1087348461151123
StandardScaler,298,0,33.51585530113527,6.470164370937299,9.416071117308698,0.0019032711500814594,0.17206219729798625,0.09412913122298146,1.0,0.4705345630645752,1.096513032913208
MinMaxScaler,1,0,21.216376969619226,5.642061042478827,9.41955725989193,0.0026916787932435692,0.1720676799541153,0.09413241292751805,1.0,0.21342015266418457,1.110865831375122
MinMaxScaler,4,0,17.85570450188499,5.483360377600032,90.58741502527454,0.0,0.0,0.0,0.0,0.1844184398651123,1.1075553894042969
MinMaxScaler,7,0,20.81183303757866,5.610843249176514,9.433501830224857,0.004662449540833407,0.17208961407310622,0.09414554203424108,1.0,0.4787766933441162,1.0826914310455322
MinMaxScaler,10,0,23.797995994840328,5.791593412232023,90.58741502527454,0.0,0.0,0.0,0.0,0.5032379627227783,1.0986590385437012
MinMaxScaler,13,0,27.532334181400948,6.030258063685681,90.58741502527454,0.0,0.0,0.0,0.0,0.06841039657592773,1.0764970779418945
MinMaxScaler,16,0,29.733457336497555,6.185146059280977,9.416071117308698,0.0019032711500814594,0.17206219729798625,0.09412913122298146,1.0,0.1818079948425293,1.1012661457061768
MinMaxScaler,19,0,22.55016498122136,5.6843987849497974,90.58741502527454,0.0,0.0,0.0,0.0,0.12955021858215332,1.0774154663085938
MinMaxScaler,22,0,27.808007468696328,6.033605572295561,90.58741502527454,0.0,0.0,0.0,0.0,0.44283556938171387,1.1132423877716064
MinMaxScaler,25,0,21.692678824678058,5.667431656705221,9.41955725989193,0.0026916787932435692,0.1720676799541153,0.09413241292751805,1.0,0.06768631935119629,1.0815203189849854
MinMaxScaler,28,0,22.792441508277566,5.7236451427452515,9.41955725989193,0.0026916787932435692,0.1720676799541153,0.09413241292751805,1.0,0.046619415283203125,1.1154050827026367
MinMaxScaler,31,0,24.201700411205895,5.7954415835601845,90.58741502527454,0.0,0.0,0.0,0.0,0.09253382682800293,1.1081657409667969
MinMaxScaler,34,0,20.142307171516332,5.587775698209359,90.58741502527454,0.0,0.0,0.0,0.0,0.2832159996032715,1.0825045108795166
MinMaxScaler,37,0,23.798576101597074,5.7379486692465775,90.58741502527454,0.0,0.0,0.0,0.0,0.05790543556213379,1.1137971878051758
MinMaxScaler,40,0,17.680780222207968,5.491205544485495,9.423043402475162,0.0032966772654012396,0.1720731629596584,0.09413569486088837,1.0,0.10161757469177246,1.1039392948150635
MinMaxScaler,43,0,32.52624377311697,6.367362838867262,9.416071117308698,0.0019032711500814594,0.17206219729798625,0.09412913122298146,1.0,0.550527811050415,1.1060395240783691
MinMaxScaler,46,0,34.424579707666105,6.537667891010179,9.520655394805647,0.010602511205855834,0.1722268291127129,0.09422768199902283,1.0,0.08864855766296387,1.076328992843628
MinMaxScaler,49,0,29.058133253515205,6.126159882313237,90.58741502527454,0.0,0.0,0.0,0.0,0.04491114616394043,1.0729897022247314
MinMaxScaler,52,0,25.714060105901552,5.88826676311719,9.423043402475162,0.0032966772654012396,0.1720731629596584,0.09413569486088837,1.0,0.4051196575164795,1.0907251834869385
MinMaxScaler,55,0,28.840164197293305,6.088169466484315,9.416071117308698,0.0019032711500814594,0.17206219729798625,0.09412913122298146,1.0,0.15636825561523438,1.12691068649292
MinMaxScaler,58,0,28.11615818242718,6.0452281777953845,90.58741502527454,0.0,0.0,0.0,0.0,0.048822641372680664,1.1045231819152832
MinMaxScaler,61,0,31.394736279477474,6.2755884849099,9.44396025797455,0.0057106098535469815,0.17210606833248343,0.09415539126795927,1.0,0.3857688903808594,1.108227014541626
MinMaxScaler,64,0,25.684306473107704,5.884702597143255,9.41955725989193,0.0026916787932435692,0.1720676799541153,0.09413241292751805,1.0,0.44887518882751465,1.1040599346160889
MinMaxScaler,67,0,32.134416579365585,6.331717509234582,9.416071117308698,0.0019032711500814594,0.17206219729798625,0.09412913122298146,1.0,0.4518778324127197,1.0988457202911377
MinMaxScaler,70,0,29.656571098710792,6.188673503927301,9.576433676137354,0.003211938170326536,0.17210341525694223,0.09416695773663988,0.9985185185185185,0.14835453033447266,1.0762324333190918
MinMaxScaler,73,0,32.69166827015586,6.392199951441871,90.58741502527454,0.0,0.0,0.0,0.0,0.1347944736480713,1.090916633605957
MinMaxScaler,76,0,32.3101689721278,6.357505424411788,90.58741502527454,0.0,0.0,0.0,0.0,0.27882814407348633,1.073286771774292
MinMaxScaler,79,0,34.72965457279484,6.565510253618053,90.58741502527454,0.0,0.0,0.0,0.0,0.17701196670532227,1.1046907901763916
MinMaxScaler,82,0,23.78453666288956,5.783333123983895,90.58741502527454,0.0,0.0,0.0,0.0,0.23142480850219727,1.0802676677703857
MinMaxScaler,85,0,32.477375123825,6.3550124553360385,9.416071117308698,0.0019032711500814594,0.17206219729798625,0.09412913122298146,1.0,0.5692079067230225,1.0728318691253662
MinMaxScaler,88,0,35.94307399568126,6.686733458018451,90.58741502527454,0.0,0.0,0.0,0.0,0.04752969741821289,1.0762321949005127
MinMaxScaler,91,0,33.80484325002316,6.476086629477059,9.426529545058393,0.0038067413749562685,0.172078646314649,0.09413897702311635,1.0,0.18053531646728516,1.0719852447509766
MinMaxScaler,94,0,25.906158111160998,5.877965505498222,90.58741502527454,0.0,0.0,0.0,0.0,0.45311427116394043,1.0719332695007324
MinMaxScaler,97,0,26.936752684953568,5.9363433096763885,9.41955725989193,0.0026916787932435692,0.1720676799541153,0.09413241292751805,1.0,0.4496586322784424,1.0817010402679443
MinMaxScaler,100,0,29.486592692365253,6.119166818279238,90.58741502527454,0.0,0.0,0.0,0.0,0.07753300666809082,1.0742466449737549
MinMaxScaler,103,0,32.00189995652762,6.315981429651843,90.58741502527454,0.0,0.0,0.0,0.0,0.06790828704833984,1.0830731391906738
MinMaxScaler,106,0,24.590612817936275,5.83628402445441,9.423043402475162,0.0032966772654012396,0.1720731629596584,0.09413569486088837,1.0,0.09363508224487305,1.090837001800537
MinMaxScaler,109,0,23.092633214318802,5.7432081923669065,9.450932543141015,0.0012544482440005277,0.17206426112456968,0.09413364955357142,0.9996296296296296,0.05478644371032715,1.096191167831421
MinMaxScaler,112,0,22.271395890791695,5.689648955708136,90.58741502527454,0.0,0.0,0.0,0.0,0.4452986717224121,1.074495553970337
MinMaxScaler,115,0,24.27115216043444,5.799687712746829,90.58741502527454,0.0,0.0,0.0,0.0,0.4838066101074219,1.1102499961853027
MinMaxScaler,118,0,24.73856284608642,5.830594264734371,9.426529545058393,0.0038067413749562685,0.172078646314649,0.09413897702311635,1.0,0.45467448234558105,1.1006743907928467
MinMaxScaler,121,0,18.90314782745031,5.467335502387707,90.58741502527454,0.0,0.0,0.0,0.0,0.05819129943847656,1.0745952129364014
MinMaxScaler,124,0,25.393077202659654,5.873812389904526,9.426529545058393,0.0038067413749562685,0.172078646314649,0.09413897702311635,1.0,0.1618518829345703,1.0788617134094238
MinMaxScaler,127,0,25.562911651308806,5.891949707436813,90.58741502527454,0.0,0.0,0.0,0.0,0.4245305061340332,1.0878322124481201
MinMaxScaler,130,0,25.372867537539467,5.880139967519303,90.58741502527454,0.0,0.0,0.0,0.0,0.36457252502441406,1.085599660873413
MinMaxScaler,133,0,26.012025456281755,5.904686412569176,90.58741502527454,0.0,0.0,0.0,0.0,0.4643087387084961,1.0959086418151855
MinMaxScaler,136,0,26.261729345277544,5.904327370645332,90.58741502527454,0.0,0.0,0.0,0.0,0.6516323089599609,1.0845725536346436
MinMaxScaler,139,0,26.301548614229002,5.9052691680908325,9.416071117308698,0.0019032711500814594,0.17206219729798625,0.09412913122298146,1.0,0.1914050579071045,1.1053438186645508
MinMaxScaler,142,0,26.124913946080003,5.886060092951446,90.58741502527454,0.0,0.0,0.0,0.0,0.05399489402770996,1.1119928359985352
MinMaxScaler,145,0,26.43545635302418,5.909166419436373,9.423043402475162,0.0032966772654012396,0.1720731629596584,0.09413569486088837,1.0,0.45279908180236816,1.1114609241485596
MinMaxScaler,148,0,25.54302410935084,5.846714044269902,90.58741502527454,0.0,0.0,0.0,0.0,0.6471757888793945,1.0926430225372314
MinMaxScaler,151,0,20.54581774385507,5.544241122416389,90.58741502527454,0.0,0.0,0.0,0.0,0.4753704071044922,1.095099925994873
MinMaxScaler,154,0,26.248575032604283,5.875450518442474,9.475335541223636,0.003991569708630553,0.17210266220309262,0.09415663701377987,0.9996296296296296,0.45615434646606445,1.107407569885254
MinMaxScaler,157,0,28.60707103100792,6.043189577533979,9.416071117308698,0.0019032711500814594,0.17206219729798625,0.09412913122298146,1.0,0.5602531433105469,1.0997676849365234
MinMaxScaler,160,0,21.194241692144324,5.659496544826383,90.58741502527454,0.0,0.0,0.0,0.0,0.7058401107788086,1.0749478340148926
MinMaxScaler,163,0,30.034078064980505,6.155573291310179,90.58741502527454,0.0,0.0,0.0,0.0,0.3015925884246826,1.1127779483795166
MinMaxScaler,166,0,16.38667322315581,5.401921706262626,90.58741502527454,0.0,0.0,0.0,0.0,0.5055499076843262,1.1347005367279053
MinMaxScaler,169,0,21.301947704872468,5.561285227958135,9.426529545058393,0.0038067413749562685,0.172078646314649,0.09413897702311635,1.0,0.469343900680542,1.1001455783843994
MinMaxScaler,172,0,19.406348391878502,5.49268032997829,9.416071117308698,0.0019032711500814594,0.17206219729798625,0.09412913122298146,1.0,0.45243024826049805,1.0970661640167236
MinMaxScaler,175,0,33.24174060533498,6.428797940039501,90.58741502527454,0.0,0.0,0.0,0.0,0.05769538879394531,1.0683414936065674
MinMaxScaler,178,0,34.91141327974116,6.586835734242377,9.44047411539132,0.005383920728659972,0.17210058322975427,0.0941521079610838,1.0,0.33934831619262695,1.0962719917297363
MinMaxScaler,181,0,21.742113327489506,5.64424839071525,9.433501830224857,0.004662449540833407,0.17208961407310622,0.09414554203424108,1.0,0.06010746955871582,1.1021769046783447
MinMaxScaler,184,0,27.00008837007105,5.957633817310888,90.58741502527454,0.0,0.0,0.0,0.0,0.05618882179260254,1.0789384841918945
MinMaxScaler,187,0,28.346605947875915,6.032123080361762,90.58741502527454,0.0,0.0,0.0,0.0,0.05358576774597168,1.0678212642669678
MinMaxScaler,190,0,24.141755571234118,5.754671422584225,90.58741502527454,0.0,0.0,0.0,0.0,0.09848928451538086,1.1077144145965576
MinMaxScaler,193,0,24.279801024807757,5.788790672454342,90.58741502527454,0.0,0.0,0.0,0.0,0.06543087959289551,1.1032934188842773
MinMaxScaler,196,0,32.235939537767514,6.337187979465754,90.58741502527454,0.0,0.0,0.0,0.0,0.3598048686981201,1.0968077182769775
MinMaxScaler,199,0,27.043708977401494,5.936720465256875,9.433501830224857,0.004662449540833407,0.17208961407310622,0.09414554203424108,1.0,0.4592297077178955,1.1009140014648438
MinMaxScaler,202,0,35.07033259929162,6.629803615416045,9.559002963221195,0.0020214481326961647,0.17207595340673368,0.09415051510389384,0.9985185185185185,0.05659127235412598,1.0765619277954102
MinMaxScaler,205,0,26.988586007596975,5.933123786830281,9.41955725989193,0.0026916787932435692,0.1720676799541153,0.09413241292751805,1.0,0.46158862113952637,1.0748260021209717
MinMaxScaler,208,0,29.989404143416078,6.152668076565294,9.430015687641625,0.004256140442137135,0.17208413001912046,0.09414225941422594,1.0,0.07342672348022461,1.0783629417419434
MinMaxScaler,211,0,26.06911394750533,5.876520812323206,9.416071117308698,0.0019032711500814594,0.17206219729798625,0.09412913122298146,1.0,0.167372465133667,1.092289686203003
MinMaxScaler,214,0,32.894557401349786,6.399092315293899,9.56946139097089,0.0051022171797393025,0.17214527350481904,0.09418872668855208,0.9988888888888889,0.39392709732055664,1.0935678482055664
MinMaxScaler,217,0,37.90813931114104,6.931475435914286,90.58741502527454,0.0,0.0,0.0,0.0,0.19289827346801758,1.0989198684692383
MinMaxScaler,220,0,38.03962257427718,6.918746740506386,9.475335541223636,0.008077289537705491,0.1721554499952179,0.09418495133777514,1.0,0.16858959197998047,1.0788617134094238
MinMaxScaler,223,0,14.115938682573278,5.308439912844448,90.58741502527454,0.0,0.0,0.0,0.0,0.15056395530700684,1.0745646953582764
MinMaxScaler,226,0,38.504038654779464,6.990533036023897,90.58741502527454,0.0,0.0,0.0,0.0,0.18356752395629883,1.0782742500305176
MinMaxScaler,229,0,32.791446632316365,6.391465613500564,9.41955725989193,0.0026916787932435692,0.1720676799541153,0.09413241292751805,1.0,0.10703349113464355,1.0800130367279053
MinMaxScaler,232,0,39.84837548728255,7.127905691568722,9.701934809133693,0.006113344415581878,0.17219558964525408,0.09422875131164743,0.9977777777777778,0.2340710163116455,1.1112103462219238
MinMaxScaler,235,0,30.09042111189504,6.18045459883489,9.41955725989193,0.0026916787932435692,0.1720676799541153,0.09413241292751805,1.0,0.48762965202331543,1.095041275024414
MinMaxScaler,238,0,35.26055630385051,6.654182146892168,90.58741502527454,0.0,0.0,0.0,0.0,0.3351857662200928,1.0945532321929932
MinMaxScaler,241,0,29.185942032084032,6.102447595290195,90.58741502527454,0.0,0.0,0.0,0.0,0.08461356163024902,1.1036179065704346
MinMaxScaler,244,0,32.86001325551066,6.443712533707292,9.41955725989193,0.0026916787932435692,0.1720676799541153,0.09413241292751805,1.0,0.06084918975830078,1.0813558101654053
MinMaxScaler,247,0,36.42160933301976,6.776543070272393,90.58741502527454,0.0,0.0,0.0,0.0,0.07589960098266602,1.114593267440796
MinMaxScaler,250,0,26.64666367348684,5.916328141465434,90.58741502527454,0.0,0.0,0.0,0.0,0.0656437873840332,1.0969598293304443
MinMaxScaler,253,0,23.670016177424294,5.730761238576645,90.58741502527454,0.0,0.0,0.0,0.0,0.06142711639404297,1.1019196510314941
MinMaxScaler,256,0,38.72241677891091,7.039147345545748,9.471849398640405,0.0036584152664987995,0.17209717528534083,0.09415335240354426,0.9996296296296296,0.14273405075073242,1.1183385848999023
MinMaxScaler,259,0,32.46259736742708,6.353568890720488,90.58741502527454,0.0,0.0,0.0,0.0,0.27574658393859863,1.0981745719909668
MinMaxScaler,262,0,35.941229626778984,6.759172703083917,9.426529545058393,0.0038067413749562685,0.172078646314649,0.09413897702311635,1.0,0.615696907043457,1.08119535446167
MinMaxScaler,265,0,31.983714251099283,6.346772823083008,9.426529545058393,0.0038067413749562685,0.172078646314649,0.09413897702311635,1.0,0.4322035312652588,1.1058454513549805
MinMaxScaler,268,0,25.103586827158118,5.843175015038011,90.58741502527454,0.0,0.0,0.0,0.0,0.454409122467041,1.0749201774597168
MinMaxScaler,271,0,20.768317904203997,5.548410435138902,9.44396025797455,0.0057106098535469815,0.17210606833248343,0.09415539126795927,1.0,0.45091962814331055,1.0888819694519043
MinMaxScaler,274,0,37.718581232762496,6.919838837125243,9.416071117308698,0.0019032711500814594,0.17206219729798625,0.09412913122298146,1.0,0.3117239475250244,1.1176373958587646
MinMaxScaler,277,0,30.798129975270637,6.249553076190852,9.485793968973331,0.004913387978959949,0.17211912505580002,0.09416649221966367,0.9996296296296296,0.45998597145080566,1.0928518772125244
MinMaxScaler,280,0,31.844598379406925,6.342842017901449,90.58741502527454,0.0,0.0,0.0,0.0,0.4791874885559082,1.090256690979004
MinMaxScaler,283,0,32.79704530391465,6.412894013216632,90.58741502527454,0.0,0.0,0.0,0.0,0.4818756580352783,1.0995762348175049
MinMaxScaler,286,0,32.448530847568755,6.3719528993787575,90.58741502527454,0.0,0.0,0.0,0.0,0.5327820777893066,1.08111572265625
MinMaxScaler,289,0,34.64576714486277,6.596439361299455,9.44047411539132,0.005383920728659972,0.17210058322975427,0.0941521079610838,1.0,0.4723668098449707,1.11061692237854
MinMaxScaler,292,0,34.30443632009921,6.53853491384481,90.58741502527454,0.0,0.0,0.0,0.0,0.10675215721130371,1.0754618644714355
MinMaxScaler,295,0,25.89642315010797,5.856776559839534,9.41955725989193,0.0026916787932435692,0.1720676799541153,0.09413241292751805,1.0,0.15547537803649902,1.0744073390960693
MinMaxScaler,298,0,31.490422537218766,6.285432397824238,9.478821683806867,0.0006955057650899464,0.17205535361265226,0.09413160281906356,0.9992592592592593,0.23970723152160645,1.1124093532562256
Normalizer,1,0,1.4890713303259,4.867665754799176,90.58741502527454,0.0,0.0,0.0,0.0,0.06019759178161621,1.357381820678711
Normalizer,4,0,6.917850041690718,4.938982415384459,90.58741502527454,0.0,0.0,0.0,0.0,0.14861154556274414,1.1806950569152832
Normalizer,7,0,13.540137828804365,5.167525492386154,90.58741502527454,0.0,0.0,0.0,0.0,0.10169529914855957,1.1478502750396729
Normalizer,10,0,15.020909499069973,5.243544340420674,90.58741502527454,0.0,0.0,0.0,0.0,0.07996082305908203,1.1519887447357178
Normalizer,13,0,15.559425309473413,5.279776367165131,90.58741502527454,0.0,0.0,0.0,0.0,0.1251068115234375,1.1485528945922852
Normalizer,16,0,12.728819333091026,5.179840148105236,90.58741502527454,0.0,0.0,0.0,0.0,0.08989953994750977,1.0812113285064697
Normalizer,19,0,13.733611271460031,5.232469261457101,90.58741502527454,0.0,0.0,0.0,0.0,0.1357259750366211,1.08870267868042
Normalizer,22,0,15.004365766574734,5.2960232619569,90.58741502527454,0.0,0.0,0.0,0.0,0.04919242858886719,1.1089422702789307
Normalizer,25,0,14.18405917944113,5.2638252194787745,90.58741502527454,0.0,0.0,0.0,0.0,0.04941225051879883,1.0918376445770264
Normalizer,28,0,11.760041049323329,5.156054190938988,90.55952588460869,0.005082157374429532,0.0014749262536873156,0.16666666666666666,0.0007407407407407407,0.17064452171325684,1.1201000213623047
Normalizer,31,0,13.135579643526535,5.230071344082061,90.57695659752484,0.014512704177193162,0.0022148394241417496,0.3333333333333333,0.0011111111111111111,0.047516584396362305,1.1096549034118652
Normalizer,34,0,11.745461412923412,5.145832567027668,90.56998431235837,0.0026073188060020346,0.0007388252678241596,0.14285714285714285,0.00037037037037037035,0.14371895790100098,1.0810754299163818
Normalizer,37,0,12.309491943357637,5.207649239020048,90.58044274010807,0.019561523428942355,0.002952029520295203,0.4,0.0014814814814814814,0.08781957626342773,1.0941824913024902
Normalizer,40,0,12.511672688659411,5.15764301369469,90.56998431235837,0.0026073188060020346,0.0007388252678241596,0.14285714285714285,0.00037037037037037035,0.06549263000488281,1.1041338443756104
Normalizer,43,0,12.571644609781995,5.1787900744999495,90.56301202719192,0.0058820055973816945,0.0014754703061600886,0.18181818181818182,0.0007407407407407407,0.0496981143951416,1.1079797744750977
Normalizer,46,0,12.403291072484837,5.21497084974152,90.56649816977514,0.014498514295479378,0.0029476787030213707,0.2857142857142857,0.0014814814814814814,0.24290919303894043,1.0857264995574951
Normalizer,49,0,25.36422009848987,5.8751290417342314,90.58741502527454,0.0,0.0,0.0,0.0,0.06128644943237305,1.1000432968139648
Normalizer,52,0,20.481555598315268,5.542672727775658,90.58741502527454,0.0,0.0,0.0,0.0,0.20777034759521484,1.0809626579284668
Normalizer,55,0,20.883006577868997,5.5840196670618925,90.58741502527454,0.0,0.0,0.0,0.0,0.05492687225341797,1.0872595310211182
Normalizer,58,0,29.276775062536075,6.169710659106493,90.58741502527454,0.0,0.0,0.0,0.0,0.7252147197723389,1.0892574787139893
Normalizer,61,0,21.846134878384248,5.638934169722785,90.58741502527454,0.0,0.0,0.0,0.0,0.07925057411193848,1.0801832675933838
Normalizer,64,0,23.060275515076363,5.688921353867295,90.58741502527454,0.0,0.0,0.0,0.0,0.18868517875671387,1.088552713394165
Normalizer,67,0,20.142062015835343,5.518171995870682,90.58741502527454,0.0,0.0,0.0,0.0,0.07403826713562012,1.1010313034057617
Normalizer,70,0,22.112074629950328,5.6270967962283835,90.58741502527454,0.0,0.0,0.0,0.0,0.45416784286499023,1.0967020988464355
Normalizer,73,0,22.897663181750154,5.713764275449162,90.58741502527454,0.0,0.0,0.0,0.0,0.44877076148986816,1.0772807598114014
Normalizer,76,0,21.532633499383547,5.622595781250477,90.58741502527454,0.0,0.0,0.0,0.0,0.5190830230712891,1.094975471496582
Normalizer,79,0,21.78992011060512,5.647446780464157,90.58741502527454,0.0,0.0,0.0,0.0,0.18891406059265137,1.079589605331421
Normalizer,82,0,20.7987699456239,5.583072927404769,90.58741502527454,0.0,0.0,0.0,0.0,0.06558060646057129,1.094597578048706
Normalizer,85,0,20.336370698194827,5.5577514015907505,90.58741502527454,0.0,0.0,0.0,0.0,0.43913960456848145,1.0750038623809814
Normalizer,88,0,22.815560259123853,5.699653007398638,90.58741502527454,0.0,0.0,0.0,0.0,0.17973637580871582,1.0954740047454834
Normalizer,91,0,25.90267461997306,5.901059947096356,90.58741502527454,0.0,0.0,0.0,0.0,0.342592716217041,1.0988714694976807
Normalizer,94,0,25.320642250871227,5.876584355410955,90.58741502527454,0.0,0.0,0.0,0.0,0.13306617736816406,1.0734226703643799
Normalizer,97,0,19.790969148867937,5.4983704641313516,90.58741502527454,0.0,0.0,0.0,0.0,0.13834524154663086,1.0759193897247314
Normalizer,100,0,24.001961245447873,5.770849217073819,90.58741502527454,0.0,0.0,0.0,0.0,0.1401348114013672,1.075366735458374
Normalizer,103,0,23.33040571839879,5.737297640005246,90.58741502527454,0.0,0.0,0.0,0.0,0.05304121971130371,1.0801200866699219
Normalizer,106,0,28.030940927458147,6.046070646285058,90.58741502527454,0.0,0.0,0.0,0.0,0.3482527732849121,1.0758678913116455
Normalizer,109,0,27.88881192140765,6.080773600655229,90.58741502527454,0.0,0.0,0.0,0.0,0.05184650421142578,1.104872226715088
Normalizer,112,0,24.05272557529629,5.8395250428741035,90.58741502527454,0.0,0.0,0.0,0.0,0.06549263000488281,1.0975375175476074
Normalizer,115,0,20.622946286675358,5.54464911291807,90.58741502527454,0.0,0.0,0.0,0.0,0.051987409591674805,1.076343059539795
Normalizer,118,0,28.24234779324254,6.117087349481939,90.58741502527454,0.0,0.0,0.0,0.0,0.054344892501831055,1.0774664878845215
Normalizer,121,0,28.450884057041453,6.121959589282002,90.58741502527454,0.0,0.0,0.0,0.0,0.0542149543762207,1.092498779296875
Normalizer,124,0,28.364991198625987,6.161831828359325,90.58741502527454,0.0,0.0,0.0,0.0,0.32018208503723145,1.0894529819488525
Normalizer,127,0,28.124658813132932,6.145011488928035,90.58741502527454,0.0,0.0,0.0,0.0,0.13454771041870117,1.0912411212921143
Normalizer,130,0,28.572009492656015,6.207137010200641,90.58741502527454,0.0,0.0,0.0,0.0,0.2316875457763672,1.1105380058288574
Normalizer,133,0,21.576301142396968,5.597583373594029,9.416071117308698,0.0019032711500814594,0.17206219729798625,0.09412913122298146,1.0,0.45327210426330566,1.0814814567565918
Normalizer,136,0,27.940535494124102,6.138843408606755,90.58741502527454,0.0,0.0,0.0,0.0,0.3438591957092285,1.1154370307922363
Normalizer,139,0,25.90602270540697,5.966818746497646,90.58741502527454,0.0,0.0,0.0,0.0,0.3525252342224121,1.0891411304473877
Normalizer,142,0,22.29632052679965,5.628907599563555,90.58741502527454,0.0,0.0,0.0,0.0,0.363114595413208,1.1148755550384521
Normalizer,145,0,22.348008466422936,5.634110097155275,90.58741502527454,0.0,0.0,0.0,0.0,0.528904914855957,1.1024541854858398
Normalizer,148,0,22.188886750903297,5.627785482674289,90.58741502527454,0.0,0.0,0.0,0.0,0.45832371711730957,1.1140117645263672
Normalizer,151,0,22.44774834484282,5.65249812094173,9.416071117308698,0.0019032711500814594,0.17206219729798625,0.09412913122298146,1.0,0.3995494842529297,1.0845685005187988
Normalizer,154,0,26.90107113078058,6.063382647639378,90.58741502527454,0.0,0.0,0.0,0.0,0.5800306797027588,1.076688528060913
Normalizer,157,0,25.533266343118182,5.94509945409564,90.58741502527454,0.0,0.0,0.0,0.0,0.14327502250671387,1.1042256355285645
Normalizer,160,0,22.82235905329998,5.663073962693482,90.58741502527454,0.0,0.0,0.0,0.0,0.15839934349060059,1.1029341220855713
Normalizer,163,0,23.34211617813696,5.693722056830124,90.58741502527454,0.0,0.0,0.0,0.0,0.19311213493347168,1.0850191116333008
Normalizer,166,0,23.628777286041093,5.717722481281456,90.58741502527454,0.0,0.0,0.0,0.0,0.2917473316192627,1.0883309841156006
Normalizer,169,0,26.12947355668156,5.8857665487531765,90.58741502527454,0.0,0.0,0.0,0.0,0.46631646156311035,1.1283230781555176
Normalizer,172,0,25.21041198982319,5.825001824603864,90.58741502527454,0.0,0.0,0.0,0.0,0.1555790901184082,1.1234214305877686
Normalizer,175,0,25.165445876894786,5.837447617429784,90.58741502527454,0.0,0.0,0.0,0.0,0.10911250114440918,1.107968807220459
Normalizer,178,0,24.473653603574714,5.782254547714584,9.416071117308698,0.0019032711500814594,0.17206219729798625,0.09412913122298146,1.0,0.12659049034118652,1.1059494018554688
Normalizer,181,0,25.18969633478003,5.811815111562245,90.58741502527454,0.0,0.0,0.0,0.0,0.11332488059997559,1.0773093700408936
Normalizer,184,0,24.721878006542237,5.789629329864493,90.58741502527454,0.0,0.0,0.0,0.0,0.39983272552490234,1.0758085250854492
Normalizer,187,0,24.55521347786116,5.775287456676641,90.58741502527454,0.0,0.0,0.0,0.0,0.1625068187713623,1.0952916145324707
Normalizer,190,0,28.758916468902996,6.080000603839616,90.58741502527454,0.0,0.0,0.0,0.0,0.457228422164917,1.1144061088562012
Normalizer,193,0,25.080978342205974,5.810731195473714,90.58741502527454,0.0,0.0,0.0,0.0,0.49275922775268555,1.1066720485687256
Normalizer,196,0,29.816726173932253,6.197698436155264,90.58741502527454,0.0,0.0,0.0,0.0,0.4835660457611084,1.1085658073425293
Normalizer,199,0,21.337047726964986,5.58581557175968,90.58741502527454,0.0,0.0,0.0,0.0,0.5589990615844727,1.0871765613555908
Normalizer,202,0,22.91933095304271,5.671834538877942,90.58741502527454,0.0,0.0,0.0,0.0,0.323779821395874,1.0880224704742432
Normalizer,205,0,28.530270312644756,6.121691802945093,90.58741502527454,0.0,0.0,0.0,0.0,0.06749820709228516,1.0808448791503906
Normalizer,208,0,29.065653261497022,6.105183923697402,90.58741502527454,0.0,0.0,0.0,0.0,0.5588290691375732,1.0847442150115967
Normalizer,211,0,26.231379927165953,5.936597239654693,90.58741502527454,0.0,0.0,0.0,0.0,0.14916634559631348,1.087111473083496
Normalizer,214,0,25.649763752592307,5.855735016995246,9.416071117308698,0.0019032711500814594,0.17206219729798625,0.09412913122298146,1.0,0.09255409240722656,1.093719720840454
Normalizer,217,0,26.180890684796786,5.999548109253734,90.58741502527454,0.0,0.0,0.0,0.0,0.2766082286834717,1.0952115058898926
Normalizer,220,0,22.56110006485223,5.647493871847052,90.58741502527454,0.0,0.0,0.0,0.0,0.6184506416320801,1.0846202373504639
Normalizer,223,0,25.178779780357612,5.875086704301746,90.58741502527454,0.0,0.0,0.0,0.0,0.46039581298828125,1.0809800624847412
Normalizer,226,0,26.61022099644381,5.919533541277796,90.58741502527454,0.0,0.0,0.0,0.0,0.4582509994506836,1.1105525493621826
Normalizer,229,0,25.180464513002516,5.8185043549809325,90.58741502527454,0.0,0.0,0.0,0.0,0.19281411170959473,1.1064374446868896
Normalizer,232,0,27.296748123917645,5.974369761481096,90.58741502527454,0.0,0.0,0.0,0.0,0.16475129127502441,1.095289707183838
Normalizer,235,0,23.900800319272513,5.731223214479873,90.58741502527454,0.0,0.0,0.0,0.0,0.2810859680175781,1.0762112140655518
Normalizer,238,0,26.22161503431467,5.925995123890816,90.58741502527454,0.0,0.0,0.0,0.0,0.09169626235961914,1.1021902561187744
Normalizer,241,0,29.151433519338077,6.144979634004815,90.58741502527454,0.0,0.0,0.0,0.0,0.395977258682251,1.1032111644744873
Normalizer,244,0,31.366198447822462,6.298569463821507,90.58741502527454,0.0,0.0,0.0,0.0,0.13972830772399902,1.1010591983795166
Normalizer,247,0,28.335271773601583,6.069335114332372,9.41955725989193,0.0026916787932435692,0.1720676799541153,0.09413241292751805,1.0,0.17657780647277832,1.0799717903137207
Normalizer,250,0,25.44174203065871,5.870796923890566,9.416071117308698,0.0019032711500814594,0.17206219729798625,0.09412913122298146,1.0,0.15987038612365723,1.0790448188781738
Normalizer,253,0,25.577398641666488,5.9574082622747,9.41955725989193,0.0026916787932435692,0.1720676799541153,0.09413241292751805,1.0,0.1399369239807129,1.0762913227081299
Normalizer,256,0,25.44838118857745,5.890523490271432,9.423043402475162,0.0032966772654012396,0.1720731629596584,0.09413569486088837,1.0,0.07085728645324707,1.0799591541290283
Normalizer,259,0,19.867772717878548,5.55268059973211,90.58741502527454,0.0,0.0,0.0,0.0,0.2791759967803955,1.0698556900024414
Normalizer,262,0,26.523293353002796,5.928958212320399,90.58741502527454,0.0,0.0,0.0,0.0,0.5497870445251465,1.0806827545166016
Normalizer,265,0,21.85321446133453,5.642121080848823,90.58741502527454,0.0,0.0,0.0,0.0,0.48705387115478516,1.0819077491760254
Normalizer,268,0,23.041270248505192,5.684150943460472,9.416071117308698,0.0019032711500814594,0.17206219729798625,0.09412913122298146,1.0,0.4586195945739746,1.0732028484344482
Normalizer,271,0,26.642292205617203,6.024507493649843,90.58741502527454,0.0,0.0,0.0,0.0,0.5071547031402588,1.0749003887176514
Normalizer,274,0,25.487852678539614,5.834415775675677,90.58741502527454,0.0,0.0,0.0,0.0,0.5000855922698975,1.107630968093872
Normalizer,277,0,31.55638794461192,6.351473808965433,90.58741502527454,0.0,0.0,0.0,0.0,0.2832448482513428,1.0894255638122559
Normalizer,280,0,24.53105566601814,5.795610283769744,90.58741502527454,0.0,0.0,0.0,0.0,0.5265710353851318,1.0762619972229004
Normalizer,283,0,22.788871072342303,5.667404058527522,90.58741502527454,0.0,0.0,0.0,0.0,0.2718691825866699,1.0871264934539795
Normalizer,286,0,26.452202481488605,5.953369456904994,90.58741502527454,0.0,0.0,0.0,0.0,0.46393299102783203,1.0824058055877686
Normalizer,289,0,31.59448684782531,6.354009904157835,9.416071117308698,0.0019032711500814594,0.17206219729798625,0.09412913122298146,1.0,0.06271767616271973,1.1085968017578125
Normalizer,292,0,29.35060683157662,6.160367206347136,9.416071117308698,0.0019032711500814594,0.17206219729798625,0.09412913122298146,1.0,0.5358214378356934,1.1038818359375
Normalizer,295,0,30.341534646056484,6.240999656519891,90.58741502527454,0.0,0.0,0.0,0.0,0.5206289291381836,1.0759611129760742
Normalizer,298,0,28.899875284173916,6.13224899650555,90.58741502527454,0.0,0.0,0.0,0.0,0.6203253269195557,1.0988566875457764
QuantileTransformer,1,0,50.0,9.412584974725466,90.58741502527454,0.0,0.0,0.0,0.0,0.05718374252319336,0.9003782272338867
QuantileTransformer,4,0,50.0,9.412584974725466,90.58741502527454,0.0,0.0,0.0,0.0,0.12011218070983887,0.901878833770752
QuantileTransformer,7,0,50.0,9.412584974725466,90.58741502527454,0.0,0.0,0.0,0.0,0.1076507568359375,0.9024522304534912
QuantileTransformer,10,0,50.0,9.412584974725466,90.58741502527454,0.0,0.0,0.0,0.0,0.09529376029968262,0.9053213596343994
QuantileTransformer,13,0,50.0,9.412584974725466,90.58741502527454,0.0,0.0,0.0,0.0,0.08287644386291504,0.9048840999603271
QuantileTransformer,16,0,50.0,9.412584974725466,90.58741502527454,0.0,0.0,0.0,0.0,0.08015561103820801,0.9050755500793457
QuantileTransformer,19,0,50.0,9.412584974725466,90.58741502527454,0.0,0.0,0.0,0.0,0.06730222702026367,0.9077904224395752
QuantileTransformer,22,0,50.0,9.412584974725466,90.58741502527454,0.0,0.0,0.0,0.0,0.3791522979736328,0.9164931774139404
QuantileTransformer,25,0,50.0,9.412584974725466,90.58741502527454,0.0,0.0,0.0,0.0,0.1817610263824463,0.8992764949798584
QuantileTransformer,28,0,50.0,9.412584974725466,90.58741502527454,0.0,0.0,0.0,0.0,0.45578765869140625,0.8962454795837402
QuantileTransformer,31,0,50.0,9.412584974725466,90.58741502527454,0.0,0.0,0.0,0.0,0.4223146438598633,0.9129774570465088
QuantileTransformer,34,0,50.0,9.412584974725466,90.58741502527454,0.0,0.0,0.0,0.0,0.5659830570220947,0.9194686412811279
QuantileTransformer,37,0,50.0,9.412584974725466,90.58741502527454,0.0,0.0,0.0,0.0,0.5398330688476562,0.8996236324310303
QuantileTransformer,40,0,50.0,9.412584974725466,90.58741502527454,0.0,0.0,0.0,0.0,0.15512323379516602,0.8989589214324951
QuantileTransformer,43,0,50.0,9.412584974725466,90.58741502527454,0.0,0.0,0.0,0.0,0.04787611961364746,0.9001932144165039
QuantileTransformer,46,0,50.0,9.412584974725466,90.58741502527454,0.0,0.0,0.0,0.0,0.4680802822113037,0.9002413749694824
QuantileTransformer,49,0,50.0,9.412584974725466,90.58741502527454,0.0,0.0,0.0,0.0,0.4607553482055664,0.9046680927276611
QuantileTransformer,52,0,50.0,9.412584974725466,90.58741502527454,0.0,0.0,0.0,0.0,0.17702221870422363,0.9047787189483643
QuantileTransformer,55,0,50.0,9.412584974725466,90.58741502527454,0.0,0.0,0.0,0.0,0.26489973068237305,0.905512809753418
QuantileTransformer,58,0,50.0,9.412584974725466,90.58741502527454,0.0,0.0,0.0,0.0,0.14535164833068848,0.9019045829772949
QuantileTransformer,61,0,50.0,9.412584974725466,90.58741502527454,0.0,0.0,0.0,0.0,0.16882991790771484,0.9020702838897705
QuantileTransformer,64,0,50.0,9.412584974725466,90.58741502527454,0.0,0.0,0.0,0.0,0.13907861709594727,0.9068055152893066
QuantileTransformer,67,0,50.0,9.412584974725466,90.58741502527454,0.0,0.0,0.0,0.0,0.1377277374267578,0.9126148223876953
QuantileTransformer,70,0,50.0,9.412584974725466,90.58741502527454,0.0,0.0,0.0,0.0,0.0841679573059082,0.9179809093475342
QuantileTransformer,73,0,50.0,9.412584974725466,90.58741502527454,0.0,0.0,0.0,0.0,0.4604811668395996,0.9272439479827881
QuantileTransformer,76,0,50.0,9.412584974725466,90.58741502527454,0.0,0.0,0.0,0.0,0.49619555473327637,0.9188520908355713
QuantileTransformer,79,0,50.0,9.412584974725466,90.58741502527454,0.0,0.0,0.0,0.0,0.2505497932434082,0.940316915512085
QuantileTransformer,82,0,50.0,9.412584974725466,90.58741502527454,0.0,0.0,0.0,0.0,0.5888509750366211,0.9103860855102539
QuantileTransformer,85,0,50.0,9.412584974725466,90.58741502527454,0.0,0.0,0.0,0.0,0.4310159683227539,0.9109034538269043
QuantileTransformer,88,0,50.0,9.412584974725466,90.58741502527454,0.0,0.0,0.0,0.0,0.4787912368774414,0.9072580337524414
QuantileTransformer,91,0,50.0,9.412584974725466,90.58741502527454,0.0,0.0,0.0,0.0,0.5652649402618408,0.9152603149414062
QuantileTransformer,94,0,50.0,9.412584974725466,90.58741502527454,0.0,0.0,0.0,0.0,0.4325835704803467,0.9098403453826904
QuantileTransformer,97,0,50.0,9.412584974725466,90.58741502527454,0.0,0.0,0.0,0.0,0.19241809844970703,0.9118669033050537
QuantileTransformer,100,0,50.0,9.412584974725466,90.58741502527454,0.0,0.0,0.0,0.0,0.4387218952178955,0.9315638542175293
QuantileTransformer,103,0,50.0,9.412584974725466,90.58741502527454,0.0,0.0,0.0,0.0,0.48925089836120605,0.9145307540893555
QuantileTransformer,106,0,50.0,9.412584974725466,90.58741502527454,0.0,0.0,0.0,0.0,0.3788564205169678,0.9160568714141846
QuantileTransformer,109,0,50.0,9.412584974725466,90.58741502527454,0.0,0.0,0.0,0.0,0.4687798023223877,0.9103901386260986
QuantileTransformer,112,0,50.0,9.412584974725466,90.58741502527454,0.0,0.0,0.0,0.0,0.4314577579498291,0.9100527763366699
QuantileTransformer,115,0,50.0,9.412584974725466,90.58741502527454,0.0,0.0,0.0,0.0,0.16473174095153809,0.9115769863128662
QuantileTransformer,118,0,50.0,9.412584974725466,90.58741502527454,0.0,0.0,0.0,0.0,0.0766153335571289,0.9156582355499268
QuantileTransformer,121,0,50.0,9.412584974725466,90.58741502527454,0.0,0.0,0.0,0.0,0.48794078826904297,0.9068944454193115
QuantileTransformer,124,0,50.0,9.412584974725466,90.58741502527454,0.0,0.0,0.0,0.0,0.5903549194335938,0.9541182518005371
QuantileTransformer,127,0,50.0,9.412584974725466,90.58741502527454,0.0,0.0,0.0,0.0,0.47577404975891113,0.963670015335083
QuantileTransformer,130,0,50.0,9.412584974725466,90.58741502527454,0.0,0.0,0.0,0.0,0.4538390636444092,0.9712302684783936
QuantileTransformer,133,0,50.0,9.412584974725466,90.58741502527454,0.0,0.0,0.0,0.0,0.3689570426940918,0.9757058620452881
QuantileTransformer,136,0,50.0,9.412584974725466,90.58741502527454,0.0,0.0,0.0,0.0,0.5225906372070312,0.968501091003418
QuantileTransformer,139,0,50.0,9.412584974725466,90.58741502527454,0.0,0.0,0.0,0.0,0.32462430000305176,0.9739506244659424
QuantileTransformer,142,0,50.0,9.412584974725466,90.58741502527454,0.0,0.0,0.0,0.0,0.48375821113586426,0.9717991352081299
QuantileTransformer,145,0,50.0,9.412584974725466,90.58741502527454,0.0,0.0,0.0,0.0,0.2377328872680664,0.9691555500030518
QuantileTransformer,148,0,50.0,9.412584974725466,90.58741502527454,0.0,0.0,0.0,0.0,0.49680304527282715,0.9842519760131836
QuantileTransformer,151,0,50.0,9.412584974725466,90.58741502527454,0.0,0.0,0.0,0.0,0.48416590690612793,0.9704208374023438
QuantileTransformer,154,0,50.0,9.412584974725466,90.58741502527454,0.0,0.0,0.0,0.0,0.3516499996185303,0.9766499996185303
QuantileTransformer,157,0,50.0,9.412584974725466,90.58741502527454,0.0,0.0,0.0,0.0,0.07055401802062988,0.9669442176818848
QuantileTransformer,160,0,50.0,9.412584974725466,90.58741502527454,0.0,0.0,0.0,0.0,0.4975242614746094,0.9722437858581543
QuantileTransformer,163,0,50.0,9.412584974725466,90.58741502527454,0.0,0.0,0.0,0.0,0.3540482521057129,0.9675123691558838
QuantileTransformer,166,0,50.0,9.412584974725466,90.58741502527454,0.0,0.0,0.0,0.0,0.5966055393218994,0.9385769367218018
QuantileTransformer,169,0,50.0,9.412584974725466,90.58741502527454,0.0,0.0,0.0,0.0,0.32509946823120117,0.9678554534912109
QuantileTransformer,172,0,50.0,9.412584974725466,90.58741502527454,0.0,0.0,0.0,0.0,0.4639759063720703,0.9664206504821777
QuantileTransformer,175,0,50.0,9.412584974725466,90.58741502527454,0.0,0.0,0.0,0.0,0.3978128433227539,0.9715096950531006
QuantileTransformer,178,0,50.0,9.412584974725466,90.58741502527454,0.0,0.0,0.0,0.0,0.15426993370056152,0.9639105796813965
QuantileTransformer,181,0,50.0,9.412584974725466,90.58741502527454,0.0,0.0,0.0,0.0,0.47220587730407715,0.9908943176269531
QuantileTransformer,184,0,50.0,9.412584974725466,90.58741502527454,0.0,0.0,0.0,0.0,0.6893212795257568,0.9787442684173584
QuantileTransformer,187,0,50.0,9.412584974725466,90.58741502527454,0.0,0.0,0.0,0.0,0.5283424854278564,0.9696815013885498
QuantileTransformer,190,0,50.0,9.412584974725466,90.58741502527454,0.0,0.0,0.0,0.0,0.4598581790924072,0.974118709564209
QuantileTransformer,193,0,50.0,9.412584974725466,90.58741502527454,0.0,0.0,0.0,0.0,0.3374953269958496,0.9722404479980469
QuantileTransformer,196,0,50.0,9.412584974725466,90.58741502527454,0.0,0.0,0.0,0.0,0.49738073348999023,0.9569189548492432
QuantileTransformer,199,0,50.0,9.412584974725466,90.58741502527454,0.0,0.0,0.0,0.0,0.46257758140563965,0.9694912433624268
QuantileTransformer,202,0,50.0,9.412584974725466,90.58741502527454,0.0,0.0,0.0,0.0,0.48046040534973145,0.9847197532653809
QuantileTransformer,205,0,50.0,9.412584974725466,90.58741502527454,0.0,0.0,0.0,0.0,0.553607702255249,0.969569206237793
QuantileTransformer,208,0,50.0,9.412584974725466,90.58741502527454,0.0,0.0,0.0,0.0,0.49575090408325195,0.9720566272735596
QuantileTransformer,211,0,50.0,9.412584974725466,90.58741502527454,0.0,0.0,0.0,0.0,0.45822691917419434,0.984933614730835
QuantileTransformer,214,0,50.0,9.412584974725466,90.58741502527454,0.0,0.0,0.0,0.0,0.0646355152130127,0.9664392471313477
QuantileTransformer,217,0,50.0,9.412584974725466,90.58741502527454,0.0,0.0,0.0,0.0,0.5009915828704834,0.9656832218170166
QuantileTransformer,220,0,50.0,9.412584974725466,90.58741502527454,0.0,0.0,0.0,0.0,0.4199199676513672,0.9774863719940186
QuantileTransformer,223,0,50.0,9.412584974725466,90.58741502527454,0.0,0.0,0.0,0.0,0.5728747844696045,0.9612045288085938
QuantileTransformer,226,0,50.0,9.412584974725466,90.58741502527454,0.0,0.0,0.0,0.0,0.4831674098968506,0.9706597328186035
QuantileTransformer,229,0,50.0,9.412584974725466,90.58741502527454,0.0,0.0,0.0,0.0,0.5608117580413818,0.979301929473877
QuantileTransformer,232,0,50.0,9.412584974725466,90.58741502527454,0.0,0.0,0.0,0.0,0.06006336212158203,0.8945534229278564
QuantileTransformer,235,0,50.0,9.412584974725466,90.58741502527454,0.0,0.0,0.0,0.0,0.26840639114379883,0.8972072601318359
QuantileTransformer,238,0,50.0,9.412584974725466,90.58741502527454,0.0,0.0,0.0,0.0,0.5074481964111328,0.902446985244751
QuantileTransformer,241,0,50.0,9.412584974725466,90.58741502527454,0.0,0.0,0.0,0.0,0.542957067489624,0.8964626789093018
QuantileTransformer,244,0,50.0,9.412584974725466,90.58741502527454,0.0,0.0,0.0,0.0,0.25047945976257324,0.8948338031768799
QuantileTransformer,247,0,50.0,9.412584974725466,90.58741502527454,0.0,0.0,0.0,0.0,0.06482791900634766,0.9009673595428467
QuantileTransformer,250,0,50.0,9.412584974725466,90.58741502527454,0.0,0.0,0.0,0.0,0.5521700382232666,0.8996825218200684
QuantileTransformer,253,0,50.0,9.412584974725466,90.58741502527454,0.0,0.0,0.0,0.0,0.5831863880157471,0.8929805755615234
QuantileTransformer,256,0,50.0,9.412584974725466,90.58741502527454,0.0,0.0,0.0,0.0,0.6041548252105713,0.8961069583892822
QuantileTransformer,259,0,50.0,9.412584974725466,90.58741502527454,0.0,0.0,0.0,0.0,0.6053628921508789,0.8990464210510254
QuantileTransformer,262,0,50.0,9.412584974725466,90.58741502527454,0.0,0.0,0.0,0.0,0.4599313735961914,0.8991072177886963
QuantileTransformer,265,0,50.0,9.412584974725466,90.58741502527454,0.0,0.0,0.0,0.0,0.5704746246337891,0.9009964466094971
QuantileTransformer,268,0,50.0,9.412584974725466,90.58741502527454,0.0,0.0,0.0,0.0,0.11378812789916992,0.8990287780761719
QuantileTransformer,271,0,50.0,9.412584974725466,90.58741502527454,0.0,0.0,0.0,0.0,0.2669944763183594,0.9017438888549805
QuantileTransformer,274,0,50.0,9.412584974725466,90.58741502527454,0.0,0.0,0.0,0.0,0.06424522399902344,0.9084956645965576
QuantileTransformer,277,0,50.0,9.412584974725466,90.58741502527454,0.0,0.0,0.0,0.0,0.5531837940216064,0.9271900653839111
QuantileTransformer,280,0,50.0,9.412584974725466,90.58741502527454,0.0,0.0,0.0,0.0,0.610832691192627,0.9132223129272461
QuantileTransformer,283,0,50.0,9.412584974725466,90.58741502527454,0.0,0.0,0.0,0.0,0.6050822734832764,0.9292898178100586
QuantileTransformer,286,0,50.0,9.412584974725466,90.58741502527454,0.0,0.0,0.0,0.0,0.5967440605163574,0.9140949249267578
QuantileTransformer,289,0,50.0,9.412584974725466,90.58741502527454,0.0,0.0,0.0,0.0,0.6320719718933105,0.9144642353057861
QuantileTransformer,292,0,50.0,9.412584974725466,90.58741502527454,0.0,0.0,0.0,0.0,0.650580644607544,0.9196858406066895
QuantileTransformer,295,0,50.0,9.412584974725466,90.58741502527454,0.0,0.0,0.0,0.0,0.4828810691833496,0.9154806137084961
QuantileTransformer,298,0,50.0,9.412584974725466,90.58741502527454,0.0,0.0,0.0,0.0,0.4862222671508789,0.9060947895050049
RobustScaler,1,0,8.037413322500873,4.9699399128811415,90.58741502527454,0.0,0.0,0.0,0.0,0.5134623050689697,1.1005253791809082
RobustScaler,4,0,15.774272906733941,5.278687907341466,90.58741502527454,0.0,0.0,0.0,0.0,0.6093082427978516,1.0814685821533203
RobustScaler,7,0,17.713156450658857,5.416504654794668,90.58741502527454,0.0,0.0,0.0,0.0,0.4799387454986572,1.1336307525634766
RobustScaler,10,0,17.942271538423167,5.3863241213487765,90.58741502527454,0.0,0.0,0.0,0.0,0.25246715545654297,1.1085076332092285
RobustScaler,13,0,18.620528937634962,5.416287573146409,90.58741502527454,0.0,0.0,0.0,0.0,0.15397047996520996,1.1371486186981201
RobustScaler,16,0,9.897641801894256,5.023958681154091,90.58741502527454,0.0,0.0,0.0,0.0,0.44874072074890137,1.1142992973327637
RobustScaler,19,0,11.403389419821977,5.064128942727002,90.58741502527454,0.0,0.0,0.0,0.0,0.485673189163208,1.1245646476745605
RobustScaler,22,0,20.365558477469197,5.565721897376715,90.58741502527454,0.0,0.0,0.0,0.0,0.31682896614074707,1.1119461059570312
RobustScaler,25,0,21.25861928890599,5.603010665521749,90.58741502527454,0.0,0.0,0.0,0.0,0.5726847648620605,1.1602497100830078
RobustScaler,28,0,17.82794489698473,5.4663395911223445,90.58741502527454,0.0,0.0,0.0,0.0,0.5077486038208008,1.1627919673919678
RobustScaler,31,0,23.751399311568637,5.920497251090677,90.58741502527454,0.0,0.0,0.0,0.0,0.4494211673736572,1.1602246761322021
RobustScaler,34,0,28.750931805386298,6.267599918380573,90.58741502527454,0.0,0.0,0.0,0.0,0.08011913299560547,1.1799509525299072
RobustScaler,37,0,28.714017346189753,6.304739728923248,90.58741502527454,0.0,0.0,0.0,0.0,0.1361837387084961,1.1654486656188965
RobustScaler,40,0,25.609305938611303,6.0376281306777315,90.58741502527454,0.0,0.0,0.0,0.0,0.4406747817993164,1.1716997623443604
RobustScaler,43,0,26.699999287338137,6.152966025516701,90.58741502527454,0.0,0.0,0.0,0.0,0.362804651260376,1.1656537055969238
RobustScaler,46,0,22.930437075520775,5.89069124089741,90.58741502527454,0.0,0.0,0.0,0.0,0.7322432994842529,1.1936285495758057
RobustScaler,49,0,26.15902621882995,6.023821957225986,90.58741502527454,0.0,0.0,0.0,0.0,0.49480605125427246,1.1855201721191406
RobustScaler,52,0,17.91667129896878,5.461411964598676,90.58741502527454,0.0,0.0,0.0,0.0,0.49019622802734375,1.1648268699645996
RobustScaler,55,0,15.479994868834584,5.36512780008917,90.58741502527454,0.0,0.0,0.0,0.0,0.5303964614868164,1.1541717052459717
RobustScaler,58,0,16.06501329114375,5.385369058145359,90.58741502527454,0.0,0.0,0.0,0.0,0.402637243270874,1.1885416507720947
RobustScaler,61,0,23.453774613559105,5.820570408692451,90.58741502527454,0.0,0.0,0.0,0.0,0.27898716926574707,1.174422264099121
RobustScaler,64,0,20.15435685830144,5.597865118037396,90.58741502527454,0.0,0.0,0.0,0.0,0.1546931266784668,1.1787559986114502
RobustScaler,67,0,20.69723986060334,5.5854945130497065,90.58741502527454,0.0,0.0,0.0,0.0,0.18755149841308594,1.177159070968628
RobustScaler,70,0,15.930908857674297,5.345170757086317,90.58741502527454,0.0,0.0,0.0,0.0,0.47058606147766113,1.1601805686950684
RobustScaler,73,0,21.56582501300608,5.634035941263024,90.58741502527454,0.0,0.0,0.0,0.0,0.46635866165161133,1.0966386795043945
RobustScaler,76,0,22.551526165380313,5.709283868962681,90.57347045494161,0.0035932520072410544,0.0007390983000739098,0.16666666666666666,0.00037037037037037035,0.49085545539855957,1.1454429626464844
RobustScaler,79,0,21.3463379870153,5.778370482202658,90.55952588460869,0.0003756686457461576,0.0007380073800738007,0.1,0.00037037037037037035,0.5749702453613281,1.1764352321624756
RobustScaler,82,0,20.278917324097236,5.65728348956713,90.56998431235837,0.0026073188060020346,0.0007388252678241596,0.14285714285714285,0.00037037037037037035,0.6123108863830566,1.1463961601257324
RobustScaler,85,0,24.33375237850897,5.803149876181846,90.56998431235837,0.0026073188060020346,0.0007388252678241596,0.14285714285714285,0.00037037037037037035,0.45850467681884766,1.1490395069122314
RobustScaler,88,0,29.238726045653117,6.3031986929029395,90.56649816977514,0.001765975850118329,0.0007385524372230429,0.125,0.00037037037037037035,0.4584341049194336,1.1835997104644775
RobustScaler,91,0,27.338698251840455,6.1587790978655175,90.56998431235837,0.0026073188060020346,0.0007388252678241596,0.14285714285714285,0.00037037037037037035,0.4583611488342285,1.1719260215759277
RobustScaler,94,0,21.727899999287338,5.7340527575764115,90.56998431235837,0.0026073188060020346,0.0007388252678241596,0.14285714285714285,0.00037037037037037035,0.4531850814819336,1.176694393157959
RobustScaler,97,0,22.368350686649705,5.7587150435536545,90.57347045494161,0.0035932520072410544,0.0007390983000739098,0.16666666666666666,0.00037037037037037035,0.5110824108123779,1.1735284328460693
RobustScaler,100,0,25.90288271723715,6.091987809935031,90.56998431235837,0.0026073188060020346,0.0007388252678241596,0.14285714285714285,0.00037037037037037035,0.5461587905883789,1.1571044921875
RobustScaler,103,0,23.57044591252788,5.874210416942608,90.57347045494161,0.0035932520072410544,0.0007390983000739098,0.16666666666666666,0.00037037037037037035,0.5600671768188477,1.1448760032653809
RobustScaler,106,0,25.833884220953678,5.897441218709687,90.57347045494161,0.0035932520072410544,0.0007390983000739098,0.16666666666666666,0.00037037037037037035,0.47315526008605957,1.1562364101409912
RobustScaler,109,0,25.084524547637884,5.839003904461077,90.57347045494161,0.0035932520072410544,0.0007390983000739098,0.16666666666666666,0.00037037037037037035,0.5474693775177002,1.1667344570159912
RobustScaler,112,0,25.600617165173645,5.93735892483369,90.57347045494161,0.0035932520072410544,0.0007390983000739098,0.16666666666666666,0.00037037037037037035,0.572699785232544,1.16243314743042
RobustScaler,115,0,26.877513380226485,5.951267312385093,90.57347045494161,0.0035932520072410544,0.0007390983000739098,0.16666666666666666,0.00037037037037037035,0.48564887046813965,1.172271966934204
RobustScaler,118,0,26.639599769097554,5.950987377439229,90.57347045494161,0.0035932520072410544,0.0007390983000739098,0.16666666666666666,0.00037037037037037035,0.495558500289917,1.191382884979248
RobustScaler,121,0,25.326671370234966,5.845397742606471,90.57347045494161,0.0035932520072410544,0.0007390983000739098,0.16666666666666666,0.00037037037037037035,0.4783296585083008,1.1719629764556885
RobustScaler,124,0,27.36543732495243,5.965025144154745,90.57347045494161,0.0035932520072410544,0.0007390983000739098,0.16666666666666666,0.00037037037037037035,0.5648472309112549,1.2127482891082764
RobustScaler,127,0,26.204859641246014,5.884277014501869,90.57347045494161,0.0035932520072410544,0.0007390983000739098,0.16666666666666666,0.00037037037037037035,0.45735979080200195,1.1826107501983643
RobustScaler,130,0,27.849408846984367,6.049561578906242,90.57347045494161,0.0035932520072410544,0.0007390983000739098,0.16666666666666666,0.00037037037037037035,0.4608910083770752,1.180182933807373
RobustScaler,133,0,23.032449632622807,5.670595086507035,90.57347045494161,0.0035932520072410544,0.0007390983000739098,0.16666666666666666,0.00037037037037037035,0.6112267971038818,1.1614406108856201
RobustScaler,136,0,27.96374190237958,6.034393691987395,90.57347045494161,0.0035932520072410544,0.0007390983000739098,0.16666666666666666,0.00037037037037037035,0.6306746006011963,1.17545747756958
RobustScaler,139,0,23.21906655549142,5.708031757173047,90.56998431235837,0.0026073188060020346,0.0007388252678241596,0.14285714285714285,0.00037037037037037035,0.5073034763336182,1.1585047245025635
RobustScaler,142,0,24.634463615048567,5.786752695334362,90.57347045494161,0.0035932520072410544,0.0007390983000739098,0.16666666666666666,0.00037037037037037035,0.5433769226074219,1.167921543121338
RobustScaler,145,0,26.84906605662811,6.02534991017149,90.57347045494161,0.0035932520072410544,0.0007390983000739098,0.16666666666666666,0.00037037037037037035,0.49209141731262207,1.162792444229126
RobustScaler,148,0,28.72281088092133,6.144620826349665,90.57347045494161,0.0035932520072410544,0.0007390983000739098,0.16666666666666666,0.00037037037037037035,0.4605438709259033,1.184875726699829
RobustScaler,151,0,28.103254014067947,6.089448877875114,90.57347045494161,0.0035932520072410544,0.0007390983000739098,0.16666666666666666,0.00037037037037037035,0.4578127861022949,1.19484543800354
RobustScaler,154,0,29.51514905322872,6.2168211814790615,90.56998431235837,0.0026073188060020346,0.0007388252678241596,0.14285714285714285,0.00037037037037037035,0.4831986427307129,1.1850731372833252
RobustScaler,157,0,26.477281765120896,5.964318188271971,90.57347045494161,0.0035932520072410544,0.0007390983000739098,0.16666666666666666,0.00037037037037037035,0.4549851417541504,1.1680114269256592
RobustScaler,160,0,29.2540525516858,6.21424862504136,90.58741502527454,0.0,0.0,0.0,0.0,0.4691922664642334,1.1841909885406494
RobustScaler,163,0,30.400827400423314,6.314910845913096,90.57347045494161,0.0035932520072410544,0.0007390983000739098,0.16666666666666666,0.00037037037037037035,0.5796768665313721,1.1586930751800537
RobustScaler,166,0,29.324296068244504,6.186756711624013,90.57347045494161,0.0035932520072410544,0.0007390983000739098,0.16666666666666666,0.00037037037037037035,0.634523868560791,1.19319748878479
RobustScaler,169,0,24.815603018835652,5.8700724200048615,90.56998431235837,0.0026073188060020346,0.0007388252678241596,0.14285714285714285,0.00037037037037037035,0.4814140796661377,1.1921300888061523
RobustScaler,172,0,27.55194734854154,6.056614424255692,90.57347045494161,0.0035932520072410544,0.0007390983000739098,0.16666666666666666,0.00037037037037037035,0.4625234603881836,1.1643269062042236
RobustScaler,175,0,30.659163762569573,6.323654647180543,90.57347045494161,0.0035932520072410544,0.0007390983000739098,0.16666666666666666,0.00037037037037037035,0.4573943614959717,1.1654701232910156
RobustScaler,178,0,29.216434695230152,6.363946808181615,88.33188077392366,0.001163176018303523,0.04398743216223936,0.09612983770287141,0.02851851851851852,0.4880092144012451,1.1758663654327393
RobustScaler,181,0,27.879721919340927,6.187351317794236,88.26564406484225,0.0044790650746102416,0.04807692307692308,0.10167464114832536,0.03148148148148148,0.4930076599121094,1.1747398376464844
RobustScaler,184,0,28.745349525010866,6.189796323001602,90.57347045494161,0.0035932520072410544,0.0007390983000739098,0.16666666666666666,0.00037037037037037035,0.5133490562438965,1.1774861812591553
RobustScaler,187,0,27.879052017189405,6.087800324205466,90.57347045494161,0.0035932520072410544,0.0007390983000739098,0.16666666666666666,0.00037037037037037035,0.4981358051300049,1.1782925128936768
RobustScaler,190,0,28.849057504685753,6.216028382423822,88.75021788391145,0.0012293295753076129,0.037578288100208766,0.09647779479326186,0.023333333333333334,0.5002734661102295,1.179983139038086
RobustScaler,193,0,28.350151440645956,6.289055191455599,90.57347045494161,0.0035932520072410544,0.0007390983000739098,0.16666666666666666,0.00037037037037037035,0.47446107864379883,1.1750869750976562
RobustScaler,196,0,30.20330033708906,6.6198108443503045,87.73923653477426,0.020436626070672405,0.07129654079746502,0.12419503219871206,0.05,0.4740715026855469,1.188936471939087
RobustScaler,199,0,29.441728490083314,6.291679083995951,88.87223287432457,0.005290047704091684,0.03913305237808549,0.1045016077170418,0.024074074074074074,0.20740413665771484,1.1557061672210693
RobustScaler,202,0,30.241273811814505,6.753059683790254,87.55447097786299,0.03011734084067932,0.08367556468172485,0.1362876254180602,0.06037037037037037,0.4651155471801758,1.091550350189209
RobustScaler,205,0,32.92670985397558,6.55946369259494,90.58741502527454,0.0,0.0,0.0,0.0,0.47943854331970215,1.1240050792694092
RobustScaler,208,0,28.002075984007867,6.09008581883493,90.57347045494161,0.0035932520072410544,0.0007390983000739098,0.16666666666666666,0.00037037037037037035,0.09407424926757812,1.0865917205810547
RobustScaler,211,0,32.571911145318886,6.505917447344245,90.56998431235837,0.0026073188060020346,0.0007388252678241596,0.14285714285714285,0.00037037037037037035,0.2744920253753662,1.0978412628173828
RobustScaler,214,0,31.531772603852648,6.73427380513994,88.35279762942304,0.024048250544241093,0.06545454545454546,0.1337142857142857,0.043333333333333335,0.16002106666564941,1.134044885635376
RobustScaler,217,0,30.886738075385374,6.391085118032468,90.58741502527454,0.0,0.0,0.0,0.0,0.5788946151733398,1.0970211029052734
RobustScaler,220,0,30.840362317291316,6.872012379827017,87.77061181802335,0.04549427511586302,0.09634209170530654,0.15820642978003385,0.06925925925925926,0.5200271606445312,1.104179859161377
RobustScaler,223,0,31.594055687398004,6.520207821457478,88.82342687815932,0.009316026646922035,0.04355608591885442,0.11196319018404909,0.027037037037037037,0.5523068904876709,1.118870496749878
RobustScaler,226,0,35.5803191299824,7.2860311872928785,88.20986578351054,0.03530766632934702,0.0789760348583878,0.14917695473251028,0.053703703703703705,0.5938186645507812,1.1179072856903076
RobustScaler,229,0,29.159242868036404,6.3107129260257295,88.05996165243158,0.0016313712529086577,0.048346762989719363,0.0967741935483871,0.03222222222222222,0.6021125316619873,1.154365062713623
RobustScaler,232,0,33.597562696427424,7.022385170673651,86.80146417988496,0.005953431005634975,0.06840551181102363,0.10190615835777127,0.05148148148148148,0.45958471298217773,1.114574670791626
RobustScaler,235,0,31.2207983238193,6.458941831526347,90.57347045494161,0.0035932520072410544,0.0007390983000739098,0.16666666666666666,0.00037037037037037035,0.4564540386199951,1.119438648223877
RobustScaler,238,0,31.140656646640863,6.443218263981944,90.57347045494161,0.0035932520072410544,0.0007390983000739098,0.16666666666666666,0.00037037037037037035,0.45912837982177734,1.1233062744140625
RobustScaler,241,0,41.68334865556339,8.75781622297766,87.13962001045843,0.06895269423606218,0.12974758197688133,0.17868745938921377,0.10185185185185185,0.4962430000305176,1.0933597087860107
RobustScaler,244,0,24.3808593276748,5.844851190759011,90.57347045494161,0.0035932520072410544,0.0007390983000739098,0.16666666666666666,0.00037037037037037035,0.5309247970581055,1.1017041206359863
RobustScaler,247,0,38.77881541345077,7.766449767428563,88.16803207251176,0.03782712969888802,0.0822065981611682,0.1523046092184369,0.056296296296296296,0.47090673446655273,1.1041316986083984
RobustScaler,250,0,38.350323192155024,7.878863007945719,87.06292487362734,0.054000526451370136,0.11495349391843548,0.16141995981245813,0.08925925925925926,0.5485961437225342,1.1194450855255127
RobustScaler,253,0,32.08565625467684,6.516270994497132,90.56998431235837,0.0026073188060020346,0.0007388252678241596,0.14285714285714285,0.00037037037037037035,0.47303032875061035,1.125952959060669
RobustScaler,256,0,38.355113705200296,7.795333811962976,87.36621927836849,0.034589403577153045,0.09081786251881585,0.14074650077760498,0.06703703703703703,0.5766773223876953,1.1402947902679443
RobustScaler,259,0,29.236947241642262,6.133826707794989,90.58741502527454,0.0,0.0,0.0,0.0,0.5123140811920166,1.155174732208252
RobustScaler,262,0,29.765204284523122,6.193205685948088,90.58741502527454,0.0,0.0,0.0,0.0,0.5013158321380615,1.1218059062957764
RobustScaler,265,0,35.38528923381723,7.24231753177894,87.3906222764511,0.02284849046491071,0.07847133757961783,0.12571428571428572,0.05703703703703704,0.5840632915496826,1.090226173400879
RobustScaler,268,0,29.123441586670374,6.112144427028172,90.58741502527454,0.0,0.0,0.0,0.0,0.5282924175262451,1.0881602764129639
RobustScaler,271,0,27.808720130559657,6.0078147394936225,90.58741502527454,0.0,0.0,0.0,0.0,0.6078524589538574,1.1259682178497314
RobustScaler,274,0,27.421502433740265,5.96832042089651,90.58741502527454,0.0,0.0,0.0,0.0,0.6652109622955322,1.0926687717437744
RobustScaler,277,0,36.61293623814309,7.64657154798416,87.268607286038,0.05110091497871029,0.10926829268292683,0.16,0.08296296296296296,0.48183488845825195,1.0939877033233643
RobustScaler,280,0,27.77704801202973,6.0220364960518165,90.58741502527454,0.0,0.0,0.0,0.0,0.4630131721496582,1.1160838603973389
RobustScaler,283,0,28.981533505797508,6.143420577263964,90.58741502527454,0.0,0.0,0.0,0.0,0.4960029125213623,1.120795488357544
RobustScaler,286,0,30.046315894497532,6.230059779640459,90.56301202719192,0.0010304948233663999,0.0007382798080472499,0.1111111111111111,0.00037037037037037035,0.48566198348999023,1.1107301712036133
RobustScaler,289,0,28.173041427034118,6.11597414441047,90.58741502527454,0.0,0.0,0.0,0.0,0.5155618190765381,1.1224830150604248
RobustScaler,292,0,27.36548721128286,6.024260114176008,90.58741502527454,0.0,0.0,0.0,0.0,0.612926721572876,1.1269702911376953
RobustScaler,295,0,30.324975235000252,6.257806265058679,90.58741502527454,0.0,0.0,0.0,0.0,0.3012721538543701,1.125368356704712
RobustScaler,298,0,27.49502063156094,5.972270168795444,90.58741502527454,0.0,0.0,0.0,0.0,0.8339760303497314,1.139249324798584
Normalizer,1,0,1.4890713303259,4.867665754799176,90.58741502527454,0.0,0.0,0.0,0.0,0.6528365612030029,1.4851868152618408
Normalizer,4,0,6.917850041690718,4.938982415384459,90.58741502527454,0.0,0.0,0.0,0.0,0.35552263259887695,1.3795387744903564
Normalizer,7,0,13.540137828804365,5.167525492386154,90.58741502527454,0.0,0.0,0.0,0.0,0.6832146644592285,1.262312889099121
Normalizer,10,0,15.020909499069973,5.243544340420674,90.58741502527454,0.0,0.0,0.0,0.0,0.6739554405212402,1.2393519878387451
Normalizer,13,0,15.559425309473413,5.279776367165131,90.58741502527454,0.0,0.0,0.0,0.0,0.457672119140625,1.2273013591766357
Normalizer,16,0,12.728819333091026,5.179840148105236,90.58741502527454,0.0,0.0,0.0,0.0,0.12219715118408203,1.1000466346740723
Normalizer,19,0,13.733611271460031,5.232469261457101,90.58741502527454,0.0,0.0,0.0,0.0,0.5309884548187256,1.366086721420288
Normalizer,22,0,15.004365766574734,5.2960232619569,90.58741502527454,0.0,0.0,0.0,0.0,0.1453254222869873,1.1166749000549316
Normalizer,25,0,14.18405917944113,5.2638252194787745,90.58741502527454,0.0,0.0,0.0,0.0,0.16132807731628418,1.1345906257629395
Normalizer,28,0,11.760041049323329,5.156054190938988,90.55952588460869,0.005082157374429532,0.0014749262536873156,0.16666666666666666,0.0007407407407407407,0.5363576412200928,1.1002171039581299
Normalizer,31,0,13.135579643526535,5.230071344082061,90.57695659752484,0.014512704177193162,0.0022148394241417496,0.3333333333333333,0.0011111111111111111,0.128157377243042,1.1019890308380127
Normalizer,34,0,11.745461412923412,5.145832567027668,90.56998431235837,0.0026073188060020346,0.0007388252678241596,0.14285714285714285,0.00037037037037037035,0.5065946578979492,1.1895110607147217
Normalizer,37,0,12.309491943357637,5.207649239020048,90.58044274010807,0.019561523428942355,0.002952029520295203,0.4,0.0014814814814814814,0.6868681907653809,1.1052701473236084
Normalizer,40,0,12.511672688659411,5.15764301369469,90.56998431235837,0.0026073188060020346,0.0007388252678241596,0.14285714285714285,0.00037037037037037035,0.3999800682067871,1.100867509841919
Normalizer,43,0,12.571644609781995,5.1787900744999495,90.56301202719192,0.0058820055973816945,0.0014754703061600886,0.18181818181818182,0.0007407407407407407,0.0663914680480957,1.1531891822814941
Normalizer,46,0,12.403291072484837,5.21497084974152,90.56649816977514,0.014498514295479378,0.0029476787030213707,0.2857142857142857,0.0014814814814814814,0.19133567810058594,1.148129940032959
Normalizer,49,0,25.36422009848987,5.8751290417342314,90.58741502527454,0.0,0.0,0.0,0.0,0.536360502243042,1.1130406856536865
Normalizer,52,0,20.481555598315268,5.542672727775658,90.58741502527454,0.0,0.0,0.0,0.0,0.5501785278320312,1.1311559677124023
Normalizer,55,0,20.883006577868997,5.5840196670618925,90.58741502527454,0.0,0.0,0.0,0.0,0.5365002155303955,1.1146819591522217
Normalizer,58,0,29.276775062536075,6.169710659106493,90.58741502527454,0.0,0.0,0.0,0.0,0.4824807643890381,1.1938884258270264
Normalizer,61,0,21.846134878384248,5.638934169722785,90.58741502527454,0.0,0.0,0.0,0.0,0.7532367706298828,1.0863738059997559
Normalizer,64,0,23.060275515076363,5.688921353867295,90.58741502527454,0.0,0.0,0.0,0.0,0.3520984649658203,1.1589040756225586
Normalizer,67,0,20.142062015835343,5.518171995870682,90.58741502527454,0.0,0.0,0.0,0.0,0.47629857063293457,1.10772705078125
Normalizer,70,0,22.112074629950328,5.6270967962283835,90.58741502527454,0.0,0.0,0.0,0.0,0.6991786956787109,1.1327929496765137
Normalizer,73,0,22.897663181750154,5.713764275449162,90.58741502527454,0.0,0.0,0.0,0.0,0.45019006729125977,1.1782898902893066
Normalizer,76,0,21.532633499383547,5.622595781250477,90.58741502527454,0.0,0.0,0.0,0.0,0.5414013862609863,1.1241874694824219
Normalizer,79,0,21.78992011060512,5.647446780464157,90.58741502527454,0.0,0.0,0.0,0.0,0.47161173820495605,1.0905416011810303
Normalizer,82,0,20.7987699456239,5.583072927404769,90.58741502527454,0.0,0.0,0.0,0.0,0.5034098625183105,1.0965352058410645
Normalizer,85,0,20.336370698194827,5.5577514015907505,90.58741502527454,0.0,0.0,0.0,0.0,0.09715914726257324,1.1323578357696533
Normalizer,88,0,22.815560259123853,5.699653007398638,90.58741502527454,0.0,0.0,0.0,0.0,0.4619169235229492,1.1249573230743408
Normalizer,91,0,25.90267461997306,5.901059947096356,90.58741502527454,0.0,0.0,0.0,0.0,0.29685258865356445,1.1009182929992676
Normalizer,94,0,25.320642250871227,5.876584355410955,90.58741502527454,0.0,0.0,0.0,0.0,0.44672131538391113,1.0881478786468506
Normalizer,97,0,19.790969148867937,5.4983704641313516,90.58741502527454,0.0,0.0,0.0,0.0,0.4705533981323242,1.155339241027832
Normalizer,100,0,24.001961245447873,5.770849217073819,90.58741502527454,0.0,0.0,0.0,0.0,0.4575083255767822,1.1806461811065674
Normalizer,103,0,23.33040571839879,5.737297640005246,90.58741502527454,0.0,0.0,0.0,0.0,0.5952234268188477,1.1860198974609375
Normalizer,106,0,28.030940927458147,6.046070646285058,90.58741502527454,0.0,0.0,0.0,0.0,0.46854329109191895,1.1338849067687988
Normalizer,109,0,27.88881192140765,6.080773600655229,90.58741502527454,0.0,0.0,0.0,0.0,0.28459787368774414,1.171431064605713
Normalizer,112,0,24.05272557529629,5.8395250428741035,90.58741502527454,0.0,0.0,0.0,0.0,0.4505777359008789,1.1498372554779053
Normalizer,115,0,20.622946286675358,5.54464911291807,90.58741502527454,0.0,0.0,0.0,0.0,0.5624439716339111,1.1583518981933594
Normalizer,118,0,28.24234779324254,6.117087349481939,90.58741502527454,0.0,0.0,0.0,0.0,0.574815034866333,1.1631884574890137
Normalizer,121,0,28.450884057041453,6.121959589282002,90.58741502527454,0.0,0.0,0.0,0.0,0.5539741516113281,1.1814324855804443
Normalizer,124,0,28.364991198625987,6.161831828359325,90.58741502527454,0.0,0.0,0.0,0.0,0.5162711143493652,1.1697676181793213
Normalizer,127,0,28.124658813132932,6.145011488928035,90.58741502527454,0.0,0.0,0.0,0.0,0.39903879165649414,1.213252067565918
Normalizer,130,0,28.572009492656015,6.207137010200641,90.58741502527454,0.0,0.0,0.0,0.0,0.4659311771392822,1.165285587310791
Normalizer,133,0,21.576301142396968,5.597583373594029,9.416071117308698,0.0019032711500814594,0.17206219729798625,0.09412913122298146,1.0,0.22382307052612305,1.1669578552246094
Normalizer,136,0,27.940535494124102,6.138843408606755,90.58741502527454,0.0,0.0,0.0,0.0,0.4623699188232422,1.1250929832458496
Normalizer,139,0,25.90602270540697,5.966818746497646,90.58741502527454,0.0,0.0,0.0,0.0,0.6779069900512695,1.1698386669158936
Normalizer,142,0,22.29632052679965,5.628907599563555,90.58741502527454,0.0,0.0,0.0,0.0,0.54465651512146,1.1953651905059814
Normalizer,145,0,22.348008466422936,5.634110097155275,90.58741502527454,0.0,0.0,0.0,0.0,0.5550386905670166,1.1930058002471924
Normalizer,148,0,22.188886750903297,5.627785482674289,90.58741502527454,0.0,0.0,0.0,0.0,0.40685462951660156,1.1725845336914062
Normalizer,151,0,22.44774834484282,5.65249812094173,9.416071117308698,0.0019032711500814594,0.17206219729798625,0.09412913122298146,1.0,0.3098280429840088,1.1607418060302734
Normalizer,154,0,26.90107113078058,6.063382647639378,90.58741502527454,0.0,0.0,0.0,0.0,0.48903703689575195,1.2095341682434082
Normalizer,157,0,25.533266343118182,5.94509945409564,90.58741502527454,0.0,0.0,0.0,0.0,0.2860219478607178,1.186250925064087
Normalizer,160,0,22.82235905329998,5.663073962693482,90.58741502527454,0.0,0.0,0.0,0.0,0.2649574279785156,1.158595323562622
Normalizer,163,0,23.34211617813696,5.693722056830124,90.58741502527454,0.0,0.0,0.0,0.0,0.348095178604126,1.2127315998077393
Normalizer,166,0,23.628777286041093,5.717722481281456,90.58741502527454,0.0,0.0,0.0,0.0,0.47881245613098145,1.1918580532073975
Normalizer,169,0,26.12947355668156,5.8857665487531765,90.58741502527454,0.0,0.0,0.0,0.0,0.47215723991394043,1.181408166885376
Normalizer,172,0,25.21041198982319,5.825001824603864,90.58741502527454,0.0,0.0,0.0,0.0,0.4884488582611084,1.15891695022583
Normalizer,175,0,25.165445876894786,5.837447617429784,90.58741502527454,0.0,0.0,0.0,0.0,0.430370569229126,1.1509668827056885
Normalizer,178,0,24.473653603574714,5.782254547714584,9.416071117308698,0.0019032711500814594,0.17206219729798625,0.09412913122298146,1.0,0.3448357582092285,1.1458158493041992
Normalizer,181,0,25.18969633478003,5.811815111562245,90.58741502527454,0.0,0.0,0.0,0.0,0.46759963035583496,1.1586308479309082
Normalizer,184,0,24.721878006542237,5.789629329864493,90.58741502527454,0.0,0.0,0.0,0.0,0.4677731990814209,1.164869785308838
Normalizer,187,0,24.55521347786116,5.775287456676641,90.58741502527454,0.0,0.0,0.0,0.0,0.2861459255218506,1.1859745979309082
Normalizer,190,0,28.758916468902996,6.080000603839616,90.58741502527454,0.0,0.0,0.0,0.0,0.4382052421569824,1.1868677139282227
Normalizer,193,0,25.080978342205974,5.810731195473714,90.58741502527454,0.0,0.0,0.0,0.0,0.5072321891784668,1.173391580581665
Normalizer,196,0,29.816726173932253,6.197698436155264,90.58741502527454,0.0,0.0,0.0,0.0,0.4440138339996338,1.1812760829925537
Normalizer,199,0,21.337047726964986,5.58581557175968,90.58741502527454,0.0,0.0,0.0,0.0,0.6738648414611816,1.1732306480407715
Normalizer,202,0,22.91933095304271,5.671834538877942,90.58741502527454,0.0,0.0,0.0,0.0,0.4624059200286865,1.1953949928283691
Normalizer,205,0,28.530270312644756,6.121691802945093,90.58741502527454,0.0,0.0,0.0,0.0,0.2911524772644043,1.1891512870788574
Normalizer,208,0,29.065653261497022,6.105183923697402,90.58741502527454,0.0,0.0,0.0,0.0,0.43731141090393066,1.1420271396636963
Normalizer,211,0,26.231379927165953,5.936597239654693,90.58741502527454,0.0,0.0,0.0,0.0,0.1421191692352295,1.1450860500335693
Normalizer,214,0,25.649763752592307,5.855735016995246,9.416071117308698,0.0019032711500814594,0.17206219729798625,0.09412913122298146,1.0,0.4786059856414795,1.1704802513122559
Normalizer,217,0,26.180890684796786,5.999548109253734,90.58741502527454,0.0,0.0,0.0,0.0,0.4855353832244873,1.1667487621307373
Normalizer,220,0,22.56110006485223,5.647493871847052,90.58741502527454,0.0,0.0,0.0,0.0,0.46813392639160156,1.1990306377410889
Normalizer,223,0,25.178779780357612,5.875086704301746,90.58741502527454,0.0,0.0,0.0,0.0,0.5410435199737549,1.1510415077209473
Normalizer,226,0,26.61022099644381,5.919533541277796,90.58741502527454,0.0,0.0,0.0,0.0,0.5484728813171387,1.1638531684875488
Normalizer,229,0,25.180464513002516,5.8185043549809325,90.58741502527454,0.0,0.0,0.0,0.0,0.4725193977355957,1.1814203262329102
Normalizer,232,0,27.296748123917645,5.974369761481096,90.58741502527454,0.0,0.0,0.0,0.0,0.5323753356933594,1.1565537452697754
Normalizer,235,0,23.900800319272513,5.731223214479873,90.58741502527454,0.0,0.0,0.0,0.0,0.575230598449707,1.1512172222137451
Normalizer,238,0,26.22161503431467,5.925995123890816,90.58741502527454,0.0,0.0,0.0,0.0,0.5896670818328857,1.1891508102416992
Normalizer,241,0,29.151433519338077,6.144979634004815,90.58741502527454,0.0,0.0,0.0,0.0,0.530616044998169,1.1977319717407227
Normalizer,244,0,31.366198447822462,6.298569463821507,90.58741502527454,0.0,0.0,0.0,0.0,0.5412099361419678,1.1605167388916016
Normalizer,247,0,28.335271773601583,6.069335114332372,9.41955725989193,0.0026916787932435692,0.1720676799541153,0.09413241292751805,1.0,0.46755480766296387,1.1550309658050537
Normalizer,250,0,25.44174203065871,5.870796923890566,9.416071117308698,0.0019032711500814594,0.17206219729798625,0.09412913122298146,1.0,0.37943124771118164,1.1742286682128906
Normalizer,253,0,25.577398641666488,5.9574082622747,9.41955725989193,0.0026916787932435692,0.1720676799541153,0.09413241292751805,1.0,0.3140852451324463,1.1466162204742432
Normalizer,256,0,25.44838118857745,5.890523490271432,9.423043402475162,0.0032966772654012396,0.1720731629596584,0.09413569486088837,1.0,0.11529684066772461,1.153670072555542
Normalizer,259,0,19.867772717878548,5.55268059973211,90.58741502527454,0.0,0.0,0.0,0.0,0.08925318717956543,1.2956392765045166
Normalizer,262,0,26.523293353002796,5.928958212320399,90.58741502527454,0.0,0.0,0.0,0.0,0.5018453598022461,1.1479673385620117
Normalizer,265,0,21.85321446133453,5.642121080848823,90.58741502527454,0.0,0.0,0.0,0.0,0.5020334720611572,1.149301290512085
Normalizer,268,0,23.041270248505192,5.684150943460472,9.416071117308698,0.0019032711500814594,0.17206219729798625,0.09412913122298146,1.0,0.12458634376525879,1.0931670665740967
Normalizer,271,0,26.642292205617203,6.024507493649843,90.58741502527454,0.0,0.0,0.0,0.0,0.5752716064453125,1.0970458984375
Normalizer,274,0,25.487852678539614,5.834415775675677,90.58741502527454,0.0,0.0,0.0,0.0,0.26589155197143555,1.0948946475982666
Normalizer,277,0,31.55638794461192,6.351473808965433,90.58741502527454,0.0,0.0,0.0,0.0,0.4999568462371826,1.1199147701263428
Normalizer,280,0,24.53105566601814,5.795610283769744,90.58741502527454,0.0,0.0,0.0,0.0,0.5403659343719482,1.1308667659759521
Normalizer,283,0,22.788871072342303,5.667404058527522,90.58741502527454,0.0,0.0,0.0,0.0,0.4648122787475586,1.123495101928711
Normalizer,286,0,26.452202481488605,5.953369456904994,90.58741502527454,0.0,0.0,0.0,0.0,0.5498721599578857,1.1145455837249756
Normalizer,289,0,31.59448684782531,6.354009904157835,9.416071117308698,0.0019032711500814594,0.17206219729798625,0.09412913122298146,1.0,0.46768832206726074,1.1754934787750244
Normalizer,292,0,29.35060683157662,6.160367206347136,9.416071117308698,0.0019032711500814594,0.17206219729798625,0.09412913122298146,1.0,0.20880889892578125,1.1267626285552979
Normalizer,295,0,30.341534646056484,6.240999656519891,90.58741502527454,0.0,0.0,0.0,0.0,0.7028169631958008,1.1182091236114502
Normalizer,298,0,28.899875284173916,6.13224899650555,90.58741502527454,0.0,0.0,0.0,0.0,0.4958031177520752,1.1213932037353516
