AUCROC,scaler,nCluster
94.13421817928965,RobustScaler,268
94.0658081627737,RobustScaler,100
93.73135173960732,RobustScaler,337
93.59334340045832,RobustScaler,220
93.41955554744612,RobustScaler,154
93.37658103170575,RobustScaler,157
93.3093478215704,RobustScaler,343
93.17022592459226,RobustScaler,184
93.11042921080298,RobustScaler,163
93.10290646643224,RobustScaler,10
92.89423991225856,RobustScaler,214
92.85303635595731,RobustScaler,136
92.8497014323382,RobustScaler,103
92.8485399589398,RobustScaler,277
92.75614724170768,RobustScaler,328
92.75133651855596,RobustScaler,145
92.73325893259292,MinMaxScaler,343
92.72830062948792,RobustScaler,292
92.63196158597314,RobustScaler,187
92.45089439968194,RobustScaler,13
92.42968121886784,RobustScaler,280
92.42173106761943,RobustScaler,349
92.39224382630891,RobustScaler,82
92.380604176229,StandardScaler,7
92.35237423945534,StandardScaler,127
92.24571609894896,RobustScaler,244
92.19394428469606,RobustScaler,1
92.16343931669483,RobustScaler,88
92.16158402585386,StandardScaler,187
92.1412448250227,MinMaxScaler,283
92.05588228010951,RobustScaler,250
92.04832311990614,RobustScaler,334
91.99091835133338,StandardScaler,46
91.98925280614657,RobustScaler,316
91.92843836566664,RobustScaler,307
91.83377061720697,StandardScaler,4
91.74279811744712,RobustScaler,289
91.69130996336416,RobustScaler,274
91.6803679639724,RobustScaler,319
91.62560238495338,MinMaxScaler,220
91.58205288238214,RobustScaler,265
91.55686079269832,StandardScaler,13
91.41190469600944,MinMaxScaler,208
91.32067153555292,RobustScaler,211
91.31123025178982,RobustScaler,253
91.28678564498613,RobustScaler,208
91.27088725911214,RobustScaler,172
91.2608019900984,StandardScaler,10
91.25327349585936,RobustScaler,313
91.22512597386478,RobustScaler,106
91.21446571802018,RobustScaler,166
91.18243895153988,StandardScaler,91
91.1435487589216,MinMaxScaler,271
91.13944910281737,RobustScaler,70
91.11136674599696,RobustScaler,139
91.04614982301524,RobustScaler,223
90.94600628330276,RobustScaler,301
90.94039441183332,RobustScaler,61
90.83501082546871,RobustScaler,286
90.83244063433466,StandardScaler,19
90.80163283993583,StandardScaler,16
90.7659204078696,StandardScaler,40
90.73360806459662,RobustScaler,178
90.72132442926616,RobustScaler,322
90.720601862482,RobustScaler,118
90.67687219737044,RobustScaler,148
90.66281760260084,MinMaxScaler,253
90.63436533758588,StandardScaler,151
90.58696725649328,RobustScaler,235
90.56439135688996,RobustScaler,130
90.5638451194006,RobustScaler,193
90.54702292135168,MinMaxScaler,262
90.5258902386939,MinMaxScaler,217
90.48163350232068,RobustScaler,175
90.45925118161708,StandardScaler,49
90.4521481776329,MinMaxScaler,28
90.44249223211958,MinMaxScaler,166
90.44248456562848,RobustScaler,91
90.43126657255792,RobustScaler,232
90.42891104317408,StandardScaler,34
90.41983391773717,RobustScaler,85
90.376949483267,StandardScaler,196
90.33732330750516,MinMaxScaler,235
90.32034586301192,RobustScaler,160
90.31974021021672,RobustScaler,181
90.3008557260677,MinMaxScaler,268
90.2755658886226,MinMaxScaler,202
90.22917978435235,MinMaxScaler,286
90.1792785939226,RobustScaler,205
90.17183059783989,MinMaxScaler,214
90.11631561931794,MinMaxScaler,232
90.09923467719511,MinMaxScaler,184
90.09766304652402,MinMaxScaler,205
90.07856965049312,MinMaxScaler,247
90.04494633724572,MinMaxScaler,316
90.00495983640322,MinMaxScaler,265
89.96447884688614,StandardScaler,25
89.94151578948336,MinMaxScaler,304
89.94043289761852,MinMaxScaler,1
89.92048277120959,MinMaxScaler,145
89.90042339730279,RobustScaler,199
89.89582925252402,RobustScaler,34
89.84155432893401,RobustScaler,238
89.83019642240126,MinMaxScaler,331
89.80135316634133,StandardScaler,139
89.79216487678377,MinMaxScaler,346
89.79005659173718,MinMaxScaler,169
89.73188134081103,StandardScaler,133
89.70177694696866,RobustScaler,169
89.7013648730732,StandardScaler,61
89.68026285637971,RobustScaler,151
89.66850245906535,MinMaxScaler,259
89.6147526901142,MinMaxScaler,256
89.60753852200938,RobustScaler,256
89.594921394317,StandardScaler,22
89.59039624795793,MinMaxScaler,289
89.57180692371543,MinMaxScaler,298
89.5696449732313,MinMaxScaler,238
89.55779449464676,RobustScaler,112
89.53378112796624,MinMaxScaler,307
89.50814821504538,MinMaxScaler,319
89.49186458799471,StandardScaler,43
89.480190438705,MinMaxScaler,226
89.39150830315484,MinMaxScaler,196
89.37629031836408,MinMaxScaler,274
89.37478960273548,MinMaxScaler,157
89.36736460612596,MinMaxScaler,250
89.34395305899511,RobustScaler,346
89.34134453540565,MinMaxScaler,223
89.33059036504534,MinMaxScaler,139
89.28422726024831,MinMaxScaler,172
89.27913287692668,MinMaxScaler,241
89.23224078424523,QuantileTransformer,313
89.22199451891886,MinMaxScaler,295
89.2213102845901,MinMaxScaler,244
89.19960069847868,QuantileTransformer,232
89.19649001972358,MinMaxScaler,211
89.19351925443067,MinMaxScaler,325
89.19142630236625,MinMaxScaler,160
89.18181443917663,QuantileTransformer,274
89.17108135166679,QuantileTransformer,337
89.16504207331971,MinMaxScaler,322
89.16039809634893,MinMaxScaler,181
89.14283608191094,MinMaxScaler,187
89.12424100780012,MinMaxScaler,229
89.11562195520514,MinMaxScaler,301
89.11535937788572,MinMaxScaler,148
89.09184049987975,RobustScaler,109
89.07658801587914,MinMaxScaler,337
89.0721069518438,MinMaxScaler,292
89.05246540170076,MinMaxScaler,193
89.01134042693309,MinMaxScaler,151
88.96808416764563,MinMaxScaler,142
88.90941251142212,RobustScaler,295
88.88624629200577,MinMaxScaler,154
88.88602204714171,RobustScaler,262
88.88584188460136,QuantileTransformer,316
88.88531098009419,MinMaxScaler,310
88.82127086349298,MinMaxScaler,121
88.81899583226547,MinMaxScaler,40
88.77512625369171,MinMaxScaler,178
88.76850623864544,MinMaxScaler,349
88.76285795134339,StandardScaler,67
88.73269414219516,RobustScaler,79
88.68205505199913,RobustScaler,73
88.6613095271408,RobustScaler,247
88.64562963626257,QuantileTransformer,82
88.63044998392719,Normalizer,313
88.6200925544802,MinMaxScaler,163
88.61378494894538,RobustScaler,7
88.58801595580789,MinMaxScaler,313
88.55594510700391,RobustScaler,4
88.51991451555786,StandardScaler,37
88.47238035424863,RobustScaler,283
88.45222514920334,StandardScaler,202
88.4304331483128,MinMaxScaler,340
88.39261818106826,QuantileTransformer,295
88.3786000021313,MinMaxScaler,199
88.36119131751485,MinMaxScaler,334
88.35377973726474,MinMaxScaler,280
88.2662897410773,QuantileTransformer,31
88.25558348628621,QuantileTransformer,223
88.2314877048266,RobustScaler,271
88.22566883809803,StandardScaler,64
88.22248149443217,QuantileTransformer,340
88.19804455411956,RobustScaler,115
88.19667608546207,MinMaxScaler,277
88.19531911654117,QuantileTransformer,64
88.17211456466943,StandardScaler,280
88.16970728647078,MinMaxScaler,103
88.13714769886053,StandardScaler,325
88.10144101666259,MinMaxScaler,118
88.0982977553204,MinMaxScaler,136
88.08956370535927,StandardScaler,169
88.07624317711044,StandardScaler,334
88.05997296641915,MinMaxScaler,112
88.04058249385895,MinMaxScaler,109
88.02275215223321,RobustScaler,121
88.01660362638827,QuantileTransformer,343
88.01264196712347,StandardScaler,1
87.99633917384513,StandardScaler,157
87.99080588390925,StandardScaler,112
87.98397504035832,StandardScaler,238
87.97777093245308,StandardScaler,73
87.96241686744568,Normalizer,310
87.92979786452958,QuantileTransformer,220
87.9294490391855,StandardScaler,172
87.92243611647149,QuantileTransformer,262
87.91346248866414,MinMaxScaler,328
87.89166282128251,QuantileTransformer,328
87.84736583583113,Normalizer,322
87.83611334355072,QuantileTransformer,331
87.83108220878046,MinMaxScaler,175
87.81203864494157,StandardScaler,205
87.76967936511026,QuantileTransformer,298
87.7606194892783,StandardScaler,142
87.75002248198508,RobustScaler,310
87.71417205307941,RobustScaler,241
87.66418844787057,StandardScaler,52
87.62811569072363,Normalizer,289
87.60529446340581,QuantileTransformer,34
87.57278470798757,StandardScaler,259
87.51132436563428,MinMaxScaler,133
87.51075129542618,StandardScaler,124
87.46323246709906,QuantileTransformer,325
87.43471695353271,RobustScaler,94
87.40878888070533,RobustScaler,202
87.39665090870535,MinMaxScaler,190
87.38995806199384,StandardScaler,265
87.38520675414797,QuantileTransformer,181
87.37686752847738,StandardScaler,274
87.35663374189853,QuantileTransformer,247
87.33906597759223,StandardScaler,214
87.32704108633564,QuantileTransformer,307
87.29435116837708,StandardScaler,76
87.24163445909876,RobustScaler,28
87.24023532447696,StandardScaler,304
87.21791816894753,StandardScaler,79
87.2069071711361,StandardScaler,178
87.15564326191716,QuantileTransformer,40
87.15146310765662,RobustScaler,229
87.07935209257258,QuantileTransformer,235
87.05584088105769,QuantileTransformer,7
87.05157064552698,QuantileTransformer,241
87.00932827968464,QuantileTransformer,292
86.99936567452818,RobustScaler,133
86.97668627729529,RobustScaler,97
86.97144814726593,StandardScaler,211
86.93278794938001,Normalizer,286
86.88860212804926,RobustScaler,127
86.87546942883185,Normalizer,283
86.86990930617718,QuantileTransformer,238
86.83565734066137,QuantileTransformer,259
86.8054896982676,QuantileTransformer,214
86.79551176012899,QuantileTransformer,4
86.75736713376807,Normalizer,298
86.74329720601632,RobustScaler,325
86.73596229067701,MinMaxScaler,106
86.73462448798381,QuantileTransformer,265
86.73063024613194,StandardScaler,160
86.72834371516778,StandardScaler,70
86.61372775692193,QuantileTransformer,253
86.61257778326016,QuantileTransformer,286
86.54279354821844,QuantileTransformer,130
86.52188511042468,QuantileTransformer,271
86.49461923490412,StandardScaler,31
86.47467294174072,MinMaxScaler,34
86.44308699849745,RobustScaler,19
86.42215939447601,RobustScaler,304
86.41977703237337,Normalizer,340
86.412683611503,QuantileTransformer,244
86.41214695712752,QuantileTransformer,301
86.40022748012328,Normalizer,301
86.39176942384097,QuantileTransformer,319
86.37118106204974,MinMaxScaler,124
86.328484456611,RobustScaler,31
86.32559802271996,RobustScaler,142
86.32082754864638,QuantileTransformer,304
86.27529242488583,QuantileTransformer,334
86.23984448676177,RobustScaler,340
86.22701461394196,StandardScaler,181
86.21204770673403,QuantileTransformer,187
86.19801611143765,StandardScaler,292
86.1789380483889,QuantileTransformer,139
86.17405449357192,RobustScaler,259
86.14969805141564,Normalizer,316
86.14158498723184,QuantileTransformer,67
86.10968663447711,QuantileTransformer,277
86.10329278091767,RobustScaler,217
86.08335990411366,StandardScaler,94
86.0667542844377,QuantileTransformer,289
86.032343239232,StandardScaler,58
85.9755575398138,StandardScaler,148
85.94730460356689,StandardScaler,337
85.94342344245842,RobustScaler,37
85.92077854443541,StandardScaler,55
85.91818727045089,QuantileTransformer,49
85.91306988765601,QuantileTransformer,211
85.90515040237194,QuantileTransformer,226
85.85192195481417,RobustScaler,331
85.8447863682429,StandardScaler,241
85.8393220767267,RobustScaler,226
85.83520133777202,QuantileTransformer,199
85.8143235659426,RobustScaler,64
85.8110116417967,StandardScaler,136
85.79666763698887,Normalizer,280
85.78088616510387,QuantileTransformer,322
85.77277118429731,RobustScaler,76
85.76879610867313,RobustScaler,196
85.76318040395815,StandardScaler,316
85.74141715240913,Normalizer,292
85.73125713510741,MinMaxScaler,82
85.72147660911406,QuantileTransformer,280
85.70907222654911,MinMaxScaler,115
85.69169804114254,QuantileTransformer,97
85.65353616517669,QuantileTransformer,229
85.65086822628139,QuantileTransformer,58
85.63926499203413,RobustScaler,52
85.60081178940732,QuantileTransformer,346
85.60059712765712,RobustScaler,22
85.49009999174318,QuantileTransformer,118
85.48955758749939,QuantileTransformer,268
85.4702035307718,QuantileTransformer,61
85.46697785465054,RobustScaler,49
85.44178193172115,StandardScaler,97
85.4049080262565,QuantileTransformer,73
85.39949931680064,QuantileTransformer,310
85.35835134255976,MinMaxScaler,43
85.32869352182271,MinMaxScaler,49
85.25619343231642,QuantileTransformer,70
85.14795599464786,RobustScaler,55
85.11035568915354,QuantileTransformer,178
85.10874572602705,QuantileTransformer,55
85.10294985877174,QuantileTransformer,133
85.09439022148264,StandardScaler,313
85.0566442526578,Normalizer,334
85.0252365553321,StandardScaler,322
84.99622463646841,MinMaxScaler,25
84.96093002816592,StandardScaler,82
84.95239339035004,MinMaxScaler,37
84.91961147449854,QuantileTransformer,256
84.90448165435518,QuantileTransformer,217
84.84797003199304,QuantileTransformer,349
84.84708646889625,QuantileTransformer,283
84.81831604450153,QuantileTransformer,202
84.75429126088247,StandardScaler,106
84.7265596460289,QuantileTransformer,175
84.6232076798001,QuantileTransformer,208
84.5883251453931,StandardScaler,115
84.52507851061851,MinMaxScaler,88
84.33729547814256,RobustScaler,40
84.33404871917082,QuantileTransformer,250
84.31617621184417,Normalizer,310
84.17865469487865,RobustScaler,67
84.11171089478148,QuantileTransformer,190
84.0385859862523,Normalizer,331
83.98076722716128,StandardScaler,295
83.95973037564197,QuantileTransformer,184
83.91752250900947,QuantileTransformer,157
83.88802185133952,MinMaxScaler,58
83.87436399748324,Normalizer,319
83.87178805648088,Normalizer,328
83.78086922215857,QuantileTransformer,43
83.76699862317486,QuantileTransformer,91
83.7331357320813,StandardScaler,286
83.72642755238763,MinMaxScaler,100
83.67418999880172,StandardScaler,130
83.66566869396802,QuantileTransformer,103
83.63152022608176,Normalizer,325
83.57714563810774,QuantileTransformer,148
83.55490706411187,QuantileTransformer,163
83.52408202010812,Normalizer,337
83.5228726311405,StandardScaler,253
83.47024025326407,QuantileTransformer,196
83.46888520096594,StandardScaler,319
83.43537113521643,RobustScaler,43
83.42286133839914,RobustScaler,190
83.38384081543254,StandardScaler,175
83.32451750746735,MinMaxScaler,64
83.24433942714599,RobustScaler,298
83.23265761136517,StandardScaler,271
83.18487620571864,MinMaxScaler,10
83.1550976377471,StandardScaler,232
83.13360463000863,RobustScaler,16
83.09203883200395,StandardScaler,307
83.08353094352962,MinMaxScaler,127
83.04858899381675,Normalizer,307
83.01586266002555,QuantileTransformer,154
82.96291403939212,QuantileTransformer,85
82.95765290988952,StandardScaler,109
82.92643304159523,Normalizer,295
82.86205751600937,Normalizer,349
82.85164258787927,RobustScaler,124
82.81553341489969,QuantileTransformer,1
82.76359293784309,StandardScaler,28
82.75273526985319,MinMaxScaler,130
82.65782602692457,QuantileTransformer,169
82.64519164962726,Normalizer,343
82.61701921153666,QuantileTransformer,46
82.61558941095053,QuantileTransformer,109
82.55682192358856,StandardScaler,190
82.44907130810346,MinMaxScaler,85
82.43632768330829,Normalizer,346
82.43352749744189,StandardScaler,88
82.40332535583826,MinMaxScaler,67
82.33232023209229,StandardScaler,256
82.2660779159288,QuantileTransformer,76
82.22430895591054,Normalizer,307
82.05940848268105,StandardScaler,100
82.03796914038013,MinMaxScaler,94
82.0365201735663,StandardScaler,343
82.01209473299029,Normalizer,337
81.95372206991887,QuantileTransformer,22
81.62643573253361,MinMaxScaler,55
81.42717212966765,MinMaxScaler,79
81.37970313353256,QuantileTransformer,100
81.31783071728378,Normalizer,304
81.24018832888665,StandardScaler,250
81.15498486366333,QuantileTransformer,10
81.09724085286032,StandardScaler,349
81.0890051248193,QuantileTransformer,145
81.06050111098955,MinMaxScaler,52
81.0027226009767,MinMaxScaler,97
80.93061925238374,StandardScaler,244
80.88012774214096,StandardScaler,328
80.85393517537138,QuantileTransformer,205
80.79615474873574,MinMaxScaler,70
80.7680474758193,Normalizer,346
80.75274324300393,StandardScaler,226
80.60533003592441,StandardScaler,118
80.59174501373336,RobustScaler,25
80.55352947232998,StandardScaler,154
80.40402714643159,Normalizer,295
80.36985567907209,Normalizer,343
80.24139403793855,Normalizer,349
80.17468598244204,MinMaxScaler,19
80.16450679891261,MinMaxScaler,91
80.10368469194161,Normalizer,298
80.0844954647722,StandardScaler,229
80.01408832733034,StandardScaler,103
79.93256094457918,Normalizer,316
79.92948093178839,StandardScaler,235
79.92062038472446,Normalizer,286
79.88799371531726,Normalizer,328
79.8333642165149,StandardScaler,217
79.82715819198687,Normalizer,334
79.81201495548413,QuantileTransformer,193
79.80448837786784,Normalizer,304
79.79417694736732,Normalizer,322
79.70853074228424,QuantileTransformer,166
79.64070529571303,MinMaxScaler,4
79.6341025302717,StandardScaler,199
79.62145665323777,StandardScaler,277
79.52932842994787,Normalizer,301
79.48547993422457,StandardScaler,247
79.40887060550024,Normalizer,292
79.40567751196605,Normalizer,340
79.37890037525173,MinMaxScaler,31
79.35147350341853,Normalizer,283
79.21783698080701,StandardScaler,223
79.09317025275732,StandardScaler,121
79.00666731729619,Normalizer,289
78.92821228084472,QuantileTransformer,172
78.92769479269694,StandardScaler,289
78.8820753375345,Normalizer,313
78.6821102507349,QuantileTransformer,37
78.66924396208246,Normalizer,280
78.4700819402233,Normalizer,325
78.1122101366805,Normalizer,319
77.96491959345825,StandardScaler,163
77.77745472036204,StandardScaler,145
77.71332835573622,StandardScaler,301
77.67835957330456,StandardScaler,346
77.62900078711864,QuantileTransformer,151
77.31876664251467,StandardScaler,283
76.9308786097769,StandardScaler,85
76.90267358909924,StandardScaler,262
76.66372631178837,StandardScaler,220
76.61066269378877,StandardScaler,268
76.52380709973805,QuantileTransformer,136
76.45606406794596,RobustScaler,46
76.25815551737813,QuantileTransformer,112
76.15123288292955,StandardScaler,331
75.91663250606015,MinMaxScaler,76
75.71364682177561,QuantileTransformer,142
75.60744483748842,Normalizer,331
75.27654949942796,MinMaxScaler,61
74.84599936046132,StandardScaler,208
74.76407907004236,QuantileTransformer,88
74.59585325630758,StandardScaler,340
73.97246978386706,MinMaxScaler,46
73.62958788700544,QuantileTransformer,25
73.56889802700553,MinMaxScaler,73
73.46569555735275,StandardScaler,166
73.45670659656325,MinMaxScaler,22
73.41818439551673,StandardScaler,310
72.87356453579359,StandardScaler,184
72.42098090146743,MinMaxScaler,16
72.22433348868199,QuantileTransformer,106
71.57361130905565,QuantileTransformer,160
71.52073935333301,QuantileTransformer,19
71.46888512430105,StandardScaler,298
70.71329492983513,Normalizer,22
70.69598782622548,QuantileTransformer,127
70.28044484354493,RobustScaler,58
69.89577482043737,Normalizer,19
69.48891030565763,Normalizer,4
69.28847564627945,QuantileTransformer,28
68.98877526041728,Normalizer,19
68.63141327853121,QuantileTransformer,13
68.61074825182921,Normalizer,10
68.54457876733096,Normalizer,7
68.2559871270415,Normalizer,13
68.0483306330674,Normalizer,13
68.04360232469475,MinMaxScaler,7
68.01104082046174,Normalizer,28
67.95770887527439,Normalizer,10
67.90452259341754,Normalizer,16
67.87986140824088,Normalizer,43
67.72964034880388,Normalizer,70
67.66621738473451,Normalizer,49
67.60087396464995,StandardScaler,193
67.59867943157876,Normalizer,25
67.52621575790509,Normalizer,73
67.52426463592562,Normalizer,31
67.51420619963068,Normalizer,148
67.4618977310023,Normalizer,94
67.43258873560933,Normalizer,34
67.3978710307605,Normalizer,40
67.36442213018515,Normalizer,16
67.32275858441923,Normalizer,37
67.29828714489678,Normalizer,40
67.29185879212747,Normalizer,79
67.27155409050614,Normalizer,52
67.24374772736455,Normalizer,103
67.18606121524464,Normalizer,67
67.17675026182984,Normalizer,70
67.14839191133059,Normalizer,46
67.13874938217666,Normalizer,37
67.13134163517208,Normalizer,46
67.13008624725798,Normalizer,64
67.1062089607941,QuantileTransformer,16
67.08980075326342,Normalizer,76
67.08058179774157,Normalizer,82
67.07743853639938,Normalizer,67
67.07486259539704,Normalizer,76
67.07433744075814,Normalizer,25
67.05265277074271,Normalizer,61
67.04496328019101,Normalizer,103
67.04046304992795,Normalizer,31
67.02347793894361,Normalizer,79
67.02223213414335,Normalizer,43
66.9992096614347,Normalizer,73
66.99112534659247,Normalizer,34
66.98181822642323,Normalizer,49
66.96651207698507,Normalizer,55
66.95611248183712,Normalizer,52
66.94756051103909,Normalizer,61
66.9364824314307,Normalizer,91
66.92998508024172,Normalizer,115
66.92801479203455,Normalizer,85
66.91527308386213,Normalizer,91
66.87068093850424,Normalizer,112
66.86941213423076,Normalizer,88
66.8304126941146,QuantileTransformer,52
66.819411279417,Normalizer,82
66.81864463030915,Normalizer,88
66.81284109656276,Normalizer,85
66.7854487239394,Normalizer,97
66.75806785105266,Normalizer,100
66.74792508335584,Normalizer,64
66.66056925076226,Normalizer,28
66.64377963530042,Normalizer,55
66.62255495474969,Normalizer,58
66.57497096124841,Normalizer,100
66.53455130365998,Normalizer,58
66.50349243167834,Normalizer,121
66.49706216228628,Normalizer,97
66.48837219464883,Normalizer,94
66.37874520547231,Normalizer,124
66.37564794307661,Normalizer,142
66.3496834544166,Normalizer,154
66.30013683919925,Normalizer,106
66.28419437100159,Normalizer,109
66.22640627787487,Normalizer,151
66.18117206388916,Normalizer,118
66.14614386615166,Normalizer,22
66.14120281265158,Normalizer,127
66.07976163652597,Normalizer,133
65.97017106318208,Normalizer,145
65.96499234845858,Normalizer,130
65.95456017072355,Normalizer,136
65.75937705773411,Normalizer,139
65.57679573945491,QuantileTransformer,115
63.44806799441602,Normalizer,4
63.13830342239062,Normalizer,124
63.06524176241284,Normalizer,1
63.02996632033804,MinMaxScaler,13
62.98319114164555,Normalizer,148
62.848851218477584,Normalizer,121
62.831275787680205,Normalizer,166
62.82726237960063,Normalizer,118
62.796995072822845,Normalizer,115
62.716508416235584,Normalizer,109
62.66812135779383,Normalizer,106
62.66794502849903,Normalizer,136
62.64113914244318,Normalizer,127
62.59594709415839,Normalizer,130
62.58850868118952,Normalizer,253
62.55667932685449,Normalizer,133
62.54710579612025,Normalizer,112
62.54233340542391,Normalizer,151
62.518168625544575,Normalizer,154
62.504629602300014,Normalizer,139
62.464436106198384,Normalizer,235
62.408625967769936,Normalizer,205
62.40178170785961,Normalizer,202
62.33435683544728,Normalizer,142
62.25238096296801,Normalizer,241
62.24331917051327,Normalizer,172
62.23031871826695,Normalizer,208
62.187474532874965,Normalizer,199
62.17691777465991,Normalizer,259
62.15882293909194,Normalizer,145
62.15557043025191,Normalizer,190
62.14401894481944,Normalizer,163
62.13492073653206,Normalizer,160
62.10180532831863,Normalizer,223
62.09232954534565,Normalizer,232
62.04841396782543,Normalizer,220
62.03747580167921,Normalizer,193
62.02658746772504,Normalizer,184
62.007035998852174,Normalizer,196
61.98763210993259,Normalizer,178
61.96326416803966,Normalizer,187
61.96110221755555,Normalizer,214
61.94869016849951,Normalizer,211
61.90891641278442,Normalizer,262
61.906972957296034,Normalizer,217
61.899064971748594,Normalizer,169
61.873318978084335,Normalizer,256
61.86944548346695,Normalizer,157
61.855657299262326,Normalizer,181
61.8283760907596,Normalizer,250
61.815247224787726,Normalizer,229
61.80455630297881,Normalizer,274
61.78084959594143,QuantileTransformer,79
61.77746484013028,Normalizer,247
61.776803605274765,Normalizer,265
61.76215677406936,Normalizer,226
61.74365369785148,Normalizer,175
61.71674814741159,Normalizer,244
61.68983109723511,Normalizer,238
61.67196817302227,Normalizer,268
61.42201373114552,Normalizer,271
61.37096640029955,Normalizer,277
61.34399951793104,Normalizer,7
60.10450807308344,Normalizer,184
59.69331390746713,Normalizer,253
59.49154911188684,Normalizer,169
59.48937757828886,Normalizer,190
59.42228619823844,Normalizer,157
59.41334515301817,Normalizer,220
59.39199972523296,Normalizer,214
59.37109320406199,Normalizer,166
59.35727435389304,QuantileTransformer,124
59.34416082090333,Normalizer,241
59.319244724898326,Normalizer,244
59.31140190452505,Normalizer,160
59.27972013014328,Normalizer,217
59.26888354500388,Normalizer,178
59.2676645729224,Normalizer,199
59.255896509116944,Normalizer,202
59.22870346526163,Normalizer,229
59.19655786816963,Normalizer,172
59.172676748460205,Normalizer,196
59.15684161113764,Normalizer,232
59.15626662430675,Normalizer,187
59.15096907897153,Normalizer,175
59.13560926409581,Normalizer,208
59.10992651898295,Normalizer,247
59.10718958166795,Normalizer,211
59.09511869146491,Normalizer,277
59.08343687568408,Normalizer,181
59.075350644219085,Normalizer,226
59.03977045912392,Normalizer,193
59.0242228152168,Normalizer,163
59.00370345184529,Normalizer,223
58.9902717594758,Normalizer,262
58.98254010322317,Normalizer,1
58.92739694951854,Normalizer,274
58.89946983914245,Normalizer,235
58.89357047425759,Normalizer,268
58.775458596079964,Normalizer,271
58.76249072642074,Normalizer,256
58.7281199302932,Normalizer,238
58.69674098230904,Normalizer,205
58.64365053159064,Normalizer,259
58.561274084952544,Normalizer,250
58.500313981142114,Normalizer,265
55.33296069075697,QuantileTransformer,121
52.6464133049806,QuantileTransformer,94
