Dataset,Model,outlier_mode,scaler,AUCROC,AUCPR,Accuracy,MCC,F1 Score,Precision,Recall,Time Train,Time Test
data_N_BaIoT.csv,CBLOF,local,StandardScaler,85.07397161,97.05588259,30.58571429,0.088921636,0.393155989,0.95451789,0.247562126,0.909989119,0.099358559
data_N_BaIoT.csv,KNN,local,StandardScaler,83.62315389,96.60269707,26.58571429,0.084416631,0.331468713,0.9586155,0.200377477,0.004025221,0.855575323
data_N_BaIoT.csv,IForest,local,StandardScaler,86.59152401,97.53079124,36.37142857,0.148381775,0.467097392,0.976,0.307014785,0.144265652,0.392864227
data_N_BaIoT.csv,OCSVM,local,StandardScaler,83.07239683,96.09127317,27.4,0.06544256,0.34762516,0.945530726,0.21296005,0.006523132,0.145396233
data_N_BaIoT.csv,LOF,local,StandardScaler,88.6472166,97.72117186,35.74285714,0.134567042,0.460412668,0.970171891,0.301824473,0.011304379,0.10550046
data_N_BaIoT.csv,DeepSVDD,local,StandardScaler,83.21654765,96.93852421,30.44285714,0.113119051,0.387315968,0.968533669,0.242057251,0.483095646,0.010423183
data_N_BaIoT.csv,HBOS,local,StandardScaler,85.30645278,97.53512213,43.2,0.180281237,0.550632911,0.978313253,0.383139352,0.014930964,0.032924891
data_N_BaIoT.csv,PCA,local,StandardScaler,86.34028903,97.4907447,33.88571429,0.138547473,0.433953033,0.97579758,0.279018559,0.009022951,0.115873337
data_N_BaIoT.csv,LODA,local,StandardScaler,70.44614237,95.62171523,40.94285714,0.164320909,0.524718326,0.975213675,0.358917899,0.022574902,0.046986103
data_N_BaIoT.csv,ECOD,local,StandardScaler,85.68585313,97.40535344,19.94285714,0.096256813,0.214245653,0.987080103,0.120163573,0.017652273,0.372887135
data_N_BaIoT.csv,COPOD,local,StandardScaler,82.58087782,96.5297741,17.91428571,0.069263677,0.180079909,0.970769231,0.099245046,0.004989386,0.345199585
data_N_BaIoT.csv,AutoEncoder,local,StandardScaler,89.39513983,98.14628789,54.22857143,0.237530403,0.66742786,0.981379731,0.505662158,0.703521013,2.383145332
data_N_BaIoT.csv,DevNet,local,StandardScaler,51.38414429,92.95569368,32.57142857,0.123372627,0.417283951,0.970149254,0.265806858,0.185536385,0.126576185
data_N_BaIoT.csv,LUNAR,local,StandardScaler,87.40383004,97.81794861,34.75714286,0.153946231,0.444065733,0.982229402,0.286882668,1.499505043,0.174404144
data_N_BaIoT.csv,AE1SVM,local,StandardScaler,89.53414591,98.26435506,60.28571429,0.279192288,0.723383085,0.984561213,0.571720667,3.763469458,2.459084749
data_N_BaIoT.csv,ALAD,local,StandardScaler,37.67020527,88.20173648,13.8,-0.023059152,0.110291949,0.882075472,0.058823529,5.057710409,0.038658619
data_N_BaIoT.csv,CBLOF,cluster,StandardScaler,92.46795272,98.20816355,98.65714286,0.918802861,0.992645908,0.985399192,1,0.976660252,0.092316866
data_N_BaIoT.csv,KNN,cluster,StandardScaler,92.65860963,98.38735336,96.97142857,0.833854249,0.983174603,0.990089514,0.976355612,0.010816813,0.839754581
data_N_BaIoT.csv,IForest,cluster,StandardScaler,99.03221404,99.85453665,98.94285714,0.936464467,0.994201536,0.988469928,1,0.137565613,0.323784828
data_N_BaIoT.csv,OCSVM,cluster,StandardScaler,94.40038888,98.85541242,98.77142857,0.925894723,0.993267575,0.986625194,1,0.005922794,0.135507822
data_N_BaIoT.csv,LOF,cluster,StandardScaler,97.18165618,99.29605729,93,0.67803816,0.960388036,0.98572851,0.936317781,0.002455235,0.092164755
data_N_BaIoT.csv,DeepSVDD,cluster,StandardScaler,99.61890244,99.92124744,98.77142857,0.925894723,0.993267575,0.986625194,1,0.510600328,0.007759094
data_N_BaIoT.csv,HBOS,cluster,StandardScaler,99.98820183,99.99876751,98.75714286,0.925010252,0.993189824,0.986471777,1,0.018253803,0.037484407
data_N_BaIoT.csv,PCA,cluster,StandardScaler,99.92378049,99.98423956,98.88571429,0.932950144,0.99389002,0.987854251,1,0.055298328,0.094892979
data_N_BaIoT.csv,LODA,cluster,StandardScaler,95.70347342,99.09337161,98.92857143,0.935530229,0.994119953,0.988925285,0.999369483,0.017063141,0.051002026
data_N_BaIoT.csv,ECOD,cluster,StandardScaler,19.62791806,84.16643259,15.38571429,-0.100994778,0.15518471,0.815592204,0.085750315,0.00551939,0.335695744
data_N_BaIoT.csv,COPOD,cluster,StandardScaler,12.68201854,81.85432976,17.08571429,-0.268915754,0.227369542,0.731164384,0.134615385,0.004604101,0.308787107
data_N_BaIoT.csv,AutoEncoder,cluster,StandardScaler,99.69512195,99.93698803,98.95714286,0.937341672,0.994279445,0.988623968,1,0.632150173,2.37909627
data_N_BaIoT.csv,DevNet,cluster,StandardScaler,3.395348591,76.09834855,8.442857143,-0.301066971,0,0,0,0.162537575,0.123496056
data_N_BaIoT.csv,LUNAR,cluster,StandardScaler,99.46646341,99.88978114,99.41428571,0.965132132,0.996779009,0.9935787,1,1.70534873,0.144923449
data_N_BaIoT.csv,AE1SVM,cluster,StandardScaler,99.77134146,99.95273357,99.15714286,0.949565839,0.99537146,0.990785569,1,3.065907001,2.491269588
data_N_BaIoT.csv,ALAD,cluster,StandardScaler,89.38533961,98.64511007,74.85714286,0.379343396,0.841384283,0.982323232,0.735813367,5.200953007,0.035890102
data_N_BaIoT.csv,CBLOF,global,StandardScaler,99.57515241,99.89923645,99.24285714,0.95451808,0.995842811,0.991720044,1,0.950189114,0.090967655
data_N_BaIoT.csv,KNN,global,StandardScaler,99.59218594,99.91363382,99.28571429,0.957129692,0.996077201,0.992185058,1,0.009831905,0.850298405
data_N_BaIoT.csv,IForest,global,StandardScaler,99.95846719,99.99542447,99.01428571,0.94050892,0.994594595,0.989247312,1,0.157196283,0.397996902
data_N_BaIoT.csv,OCSVM,global,StandardScaler,94.24846626,98.83232135,98.85714286,0.9307965,0.993738259,0.987554449,1,0.006109715,0.13811183
data_N_BaIoT.csv,LOF,global,StandardScaler,99.28908579,99.8454731,99.04285714,0.942237142,0.994748805,0.989861176,0.99968494,0.010505199,0.140810966
data_N_BaIoT.csv,DeepSVDD,global,StandardScaler,99.90729412,99.98949481,99.14285714,0.948405935,0.995296331,0.990636704,1,0.465182304,0.007887602
data_N_BaIoT.csv,HBOS,global,StandardScaler,99.76993865,99.95276334,99.02857143,0.94138854,0.994672516,0.989401496,1,0.014257669,0.04523015
data_N_BaIoT.csv,PCA,global,StandardScaler,99.84587677,99.96834981,99.07142857,0.944024122,0.994906355,0.989864338,1,0.009165287,0.094560623
data_N_BaIoT.csv,LODA,global,StandardScaler,99.27161736,99.84377207,98.85714286,0.9307965,0.993738259,0.987554449,1,0.014276743,0.172849894
data_N_BaIoT.csv,ECOD,global,StandardScaler,99.54642494,99.866205,9.314285714,0,0,0,0,0.005604744,0.330557108
data_N_BaIoT.csv,COPOD,global,StandardScaler,99.60093223,99.91088203,9.314285714,0,0,0,0,0.004509211,0.326612473
data_N_BaIoT.csv,AutoEncoder,global,StandardScaler,99.84662577,99.96850394,99.08571429,0.944901563,0.994984326,0.990018715,1,0.711351871,2.565446615
data_N_BaIoT.csv,DevNet,global,StandardScaler,3.575180435,76.21732871,8.328571429,-0.310033422,0.001866542,0.074074074,0.00094518,0.161425591,0.179361582
data_N_BaIoT.csv,LUNAR,global,StandardScaler,99.46319018,99.88985051,99.44285714,0.966665993,0.996937574,0.993893847,1,1.736115694,0.164350271
data_N_BaIoT.csv,AE1SVM,global,StandardScaler,99.84660161,99.96849898,99.1,0.945778463,0.995062309,0.99017314,1,3.904561281,2.493048906
data_N_BaIoT.csv,ALAD,global,StandardScaler,25.29422097,83.65920932,10.55714286,-0.128756162,0.046596619,0.698630137,0.024102079,4.718055248,0.043185472
data_CICIoT2023.csv,CBLOF,local,StandardScaler,92.49180731,99.56677339,89.27142857,0.381298089,0.941642707,0.99295313,0.895374612,0.261343002,0.084194183
data_CICIoT2023.csv,KNN,local,StandardScaler,91.91836678,99.505883,79.85714286,0.297657205,0.884141331,0.995743106,0.795034727,0.000634193,0.517406225
data_CICIoT2023.csv,IForest,local,StandardScaler,94.62171571,99.74837465,83.44285714,0.338914129,0.906645187,0.996458924,0.831683168,0.119461298,0.253134012
data_CICIoT2023.csv,OCSVM,local,StandardScaler,93.20290783,99.66907603,87.71428571,0.375019635,0.932485477,0.994640764,0.877641495,0.000916719,0.035842896
data_CICIoT2023.csv,LOF,local,StandardScaler,90.70596958,99.46453513,79.1,0.289344466,0.879280469,0.995515695,0.787350377,0.000736237,0.068959236
data_CICIoT2023.csv,DeepSVDD,local,StandardScaler,90.48703282,99.52754625,76.9,0.263414881,0.864968685,0.994431644,0.765331757,0.161841869,0.003566742
data_CICIoT2023.csv,HBOS,local,StandardScaler,90.36881204,99.46849186,87,0.315103611,0.92858264,0.990125523,0.874242648,0.004929304,0.014223337
data_CICIoT2023.csv,PCA,local,StandardScaler,95.23812544,99.74450032,92.2,0.473476023,0.958141674,0.99553927,0.923452047,0.001023293,0.010798454
data_CICIoT2023.csv,LODA,local,StandardScaler,80.33609203,98.90064113,44.57142857,0.125010779,0.599752424,0.993167065,0.42958475,0.010383844,0.141919613
data_CICIoT2023.csv,ECOD,local,StandardScaler,97.00388974,99.86454079,19.6,0.07973015,0.28831563,0.999123576,0.168464608,0.001471758,0.113897085
data_CICIoT2023.csv,COPOD,local,StandardScaler,93.91410347,99.69240213,21.58571429,0.083744151,0.318051932,0.998439938,0.189153244,0.001527786,0.094452381
data_CICIoT2023.csv,AutoEncoder,local,StandardScaler,95.43740102,99.74509644,94.55714286,0.544451085,0.971164762,0.995345951,0.948130634,0.168240309,1.922419071
data_CICIoT2023.csv,DevNet,local,StandardScaler,50.28042552,97.33796552,22.4,0.047857404,0.333169654,0.98404641,0.200531993,0.071748972,0.109668493
data_CICIoT2023.csv,LUNAR,local,StandardScaler,98.19859188,99.91184472,96.04285714,0.62454175,0.979174498,0.996632997,0.962317127,1.357079744,0.083874702
data_CICIoT2023.csv,AE1SVM,local,StandardScaler,95.15646812,99.72299564,91.85714286,0.466498698,0.956214472,0.995680691,0.919757647,1.309479713,2.449568272
data_CICIoT2023.csv,ALAD,local,StandardScaler,49.02775461,96.556066,13.47142857,-0.00638572,0.195937873,0.963446475,0.109058667,4.700947762,0.03182888
data_CICIoT2023.csv,CBLOF,cluster,StandardScaler,99.62845538,99.98473134,99.78571429,0.963421286,0.998895841,0.997794118,1,0.259310484,0.082898617
data_CICIoT2023.csv,KNN,cluster,StandardScaler,99.72929341,99.9898414,99.88571429,0.980641033,0.999410812,0.998822317,1,0.000708103,0.534482002
data_CICIoT2023.csv,IForest,cluster,StandardScaler,100,100,99.9,0.98307924,0.999484422,0.998969376,1,0.122366667,0.206084251
data_CICIoT2023.csv,OCSVM,cluster,StandardScaler,99.76744186,99.98526378,99.71428571,0.950952746,0.99852833,0.997060985,1,0.001134396,0.045416355
data_CICIoT2023.csv,LOF,cluster,StandardScaler,99.85597505,99.99457253,99.84285714,0.973294109,0.999190045,0.998381401,1,0.000813484,0.037601948
data_CICIoT2023.csv,DeepSVDD,cluster,StandardScaler,100,100,99.71428571,0.950952746,0.99852833,0.997060985,1,0.226438522,0.003401995
data_CICIoT2023.csv,HBOS,cluster,StandardScaler,96.97674419,99.80876728,99.4,0.894259981,0.996914487,0.993847957,1,0.005982637,0.014375448
data_CICIoT2023.csv,PCA,cluster,StandardScaler,100,100,99.62857143,0.935795943,0.998087673,0.996182646,1,0.001002073,0.010671616
data_CICIoT2023.csv,LODA,cluster,StandardScaler,95.57526006,99.70898167,80.21428571,0.299548741,0.88663338,0.997054492,0.798231393,0.010571003,0.098344088
data_CICIoT2023.csv,ECOD,cluster,StandardScaler,4.331236825,90.75046125,18.92857143,-0.335181673,0.318318318,0.86038961,0.195283714,0.005536556,0.108810663
data_CICIoT2023.csv,COPOD,cluster,StandardScaler,1.378039794,89.47594131,11.4,-0.432757108,0.204667864,0.787759131,0.11761238,0.001297474,0.09507823
data_CICIoT2023.csv,AutoEncoder,cluster,StandardScaler,100,100,99.58571429,0.9281349,0.99786749,0.995744056,1,0.237645149,2.327028513
data_CICIoT2023.csv,DevNet,cluster,StandardScaler,11.39922195,92.57952785,2.671428571,-0.356004938,0,0,0,0.088092089,0.120348215
data_CICIoT2023.csv,LUNAR,cluster,StandardScaler,100,100,99.71428571,0.950952746,0.99852833,0.997060985,1,1.268711805,0.099009752
data_CICIoT2023.csv,AE1SVM,cluster,StandardScaler,100,100,99.62857143,0.935795943,0.998087673,0.996182646,1,1.579917669,1.98757863
data_CICIoT2023.csv,ALAD,cluster,StandardScaler,70.64986033,98.75752085,38.78571429,0.103164871,0.540285377,0.992902208,0.371112749,5.208587408,0.034132957
data_CICIoT2023.csv,CBLOF,global,StandardScaler,98.72916755,99.92411757,99.52857143,0.921165589,0.99757085,0.995153473,1,0.264823675,0.086321592
data_CICIoT2023.csv,KNN,global,StandardScaler,98.83194626,99.93151751,99.74285714,0.957708911,0.998673545,0.997350603,1,0.000835896,0.544916391
data_CICIoT2023.csv,IForest,global,StandardScaler,100,100,99.8,0.96724713,0.998968008,0.997938144,1,0.121489048,0.233976126
data_CICIoT2023.csv,OCSVM,global,StandardScaler,98.88050261,99.92604243,99.6,0.933487642,0.997938144,0.995884774,1,0.001017332,0.039640188
data_CICIoT2023.csv,LOF,global,StandardScaler,98.66460143,99.90987587,99.7,0.950499896,0.998452811,0.996910402,1,0.000778198,0.043211222
data_CICIoT2023.csv,DeepSVDD,global,StandardScaler,99.55357143,99.97049277,99.75714286,0.960101294,0.998747144,0.997497424,1,0.219489813,0.003742218
data_CICIoT2023.csv,HBOS,global,StandardScaler,99.55357143,99.97049277,99.62857143,0.938376171,0.998085138,0.996177595,1,0.004979134,0.016212702
data_CICIoT2023.csv,PCA,global,StandardScaler,99.77678571,99.98524421,99.81428571,0.969618767,0.999041651,0.998085138,1,0.001021147,0.010938406
data_CICIoT2023.csv,LODA,global,StandardScaler,96.79811362,99.77852355,98.72857143,0.81973569,0.993407896,0.997174721,0.989669421,0.009886742,0.202702284
data_CICIoT2023.csv,ECOD,global,StandardScaler,58.16497828,97.62045088,6.171428571,0.027216911,0.059833954,0.995238095,0.030844156,0.001633167,0.146206379
data_CICIoT2023.csv,COPOD,global,StandardScaler,34.59380007,95.58097237,11.08571429,-0.03520722,0.158008658,0.948051948,0.086186541,0.001292229,0.108489513
data_CICIoT2023.csv,AutoEncoder,global,StandardScaler,99.10714286,99.94100295,99.74285714,0.957708911,0.998673545,0.997350603,1,0.284383297,2.499027252
data_CICIoT2023.csv,DevNet,global,StandardScaler,8.129598689,90.17953698,3.014285714,-0.237240589,0,0,0,0.080559969,0.105130196
data_CICIoT2023.csv,LUNAR,global,StandardScaler,99.77678571,99.98524421,99.67142857,0.94566692,0.998305709,0.99661715,1,1.154605627,0.115296125
data_CICIoT2023.csv,ALAD,global,StandardScaler,60.39290458,97.7322709,17.88571429,0.03413948,0.267023718,0.98217636,0.154515939,4.737939119,0.031505823
data_BoTIoT.csv,CBLOF,local,StandardScaler,89.4930545,97.17916758,83.97142857,0.497291777,0.903657908,0.980253353,0.838165021,0.310673237,0.091476917
data_BoTIoT.csv,KNN,local,StandardScaler,90.10791764,97.26616354,84.4,0.507982064,0.906378601,0.981433346,0.841987894,0.004129171,0.559489965
data_BoTIoT.csv,IForest,local,StandardScaler,83.22656879,96.62743913,51.18571429,0.213471173,0.633172303,0.971024037,0.469735585,0.128843069,0.23556304
data_BoTIoT.csv,OCSVM,local,StandardScaler,90.56479603,98.05155561,85.71428571,0.524929644,0.915038233,0.980517116,0.857757248,0.005041122,0.107043266
data_BoTIoT.csv,LOF,local,StandardScaler,90.62081101,97.35499696,85.72857143,0.531702809,0.914985959,0.982276631,0.85632367,0.002727985,0.110147238
data_BoTIoT.csv,DeepSVDD,local,StandardScaler,86.47234903,97.66197282,72.98571429,0.369451665,0.825922857,0.978407852,0.714558777,0.462321281,0.002718687
data_BoTIoT.csv,HBOS,local,StandardScaler,77.33370015,96.00253848,37.91428571,0.13251313,0.481755306,0.958254269,0.321758522,0.00354147,0.007651567
data_BoTIoT.csv,PCA,local,StandardScaler,87.25929443,97.43481894,70.01428571,0.350617094,0.802558555,0.980013784,0.679515769,0.000963449,0.005666256
data_BoTIoT.csv,LODA,local,StandardScaler,73.64974995,94.85295996,52.7,0.226080903,0.648252417,0.973205742,0.485982797,0.010427237,0.059462786
data_BoTIoT.csv,ECOD,local,StandardScaler,78.26101393,96.25913566,22.52857143,0.117702855,0.241220092,0.991944764,0.137304874,0.002456427,0.07207489
data_BoTIoT.csv,COPOD,local,StandardScaler,73.88607625,94.76518097,19.91428571,0.080370254,0.198455819,0.969273743,0.110544759,0.00176239,0.063129187
data_BoTIoT.csv,AutoEncoder,local,StandardScaler,89.57576429,97.87806889,78.84285714,0.427534938,0.8687871,0.978838091,0.780981204,0.56807518,1.930023432
data_BoTIoT.csv,DevNet,local,StandardScaler,46.25371411,90.46897406,26.5,0.060602162,0.321150548,0.935434281,0.193851545,0.147529364,0.129709482
data_BoTIoT.csv,LUNAR,local,StandardScaler,91.12384275,98.50224729,75.78571429,0.405593293,0.846425659,0.98150872,0.74402676,1.177156687,0.176089048
data_BoTIoT.csv,AE1SVM,local,StandardScaler,90.40908365,98.052384,81.97142857,0.46115167,0.890508416,0.977896341,0.817457789,2.905875444,1.965742111
data_BoTIoT.csv,ALAD,local,StandardScaler,54.33563453,91.11492938,22.52857143,0.010523521,0.26066803,0.904446547,0.152277795,4.71179986,0.016388416
data_BoTIoT.csv,CBLOF,cluster,StandardScaler,96.28808353,98.71242502,98.75714286,0.931646955,0.993115455,0.986325055,1,0.285642147,0.086115599
data_BoTIoT.csv,KNN,cluster,StandardScaler,97.01653524,99.12414923,98.95714286,0.942851292,0.994216906,0.988500315,1,0.004771948,0.569705248
data_BoTIoT.csv,IForest,cluster,StandardScaler,99.2287512,99.76617534,99.08571429,0.950010085,0.994926272,0.98990377,1,0.128957748,0.197015762
data_BoTIoT.csv,OCSVM,cluster,StandardScaler,97.79310345,99.49262724,98.62857143,0.924398819,0.992408667,0.984931722,1,0.004792929,0.102559805
data_BoTIoT.csv,LOF,cluster,StandardScaler,98.02229977,99.52768174,98.71428571,0.929234917,0.992879747,0.985860173,1,0.002551317,0.098371029
data_BoTIoT.csv,DeepSVDD,cluster,StandardScaler,99.69343042,99.92376655,99.07142857,0.949216329,0.994847404,0.989747634,1,0.5350945,0.002789021
data_BoTIoT.csv,HBOS,cluster,StandardScaler,99.99520813,99.99944681,98.95714286,0.942851292,0.994216906,0.988500315,1,0.004510641,0.0110147
data_BoTIoT.csv,PCA,cluster,StandardScaler,99.74370106,99.94125789,99.15714286,0.953972701,0.995320803,0.990685191,1,0.000967026,0.005813599
data_BoTIoT.csv,LODA,cluster,StandardScaler,94.1002885,98.19378124,95.11428571,0.767011472,0.972374798,0.985913186,0.959203187,0.011001348,0.209145784
data_BoTIoT.csv,ECOD,cluster,StandardScaler,48.25591427,90.87984079,16.18571429,0.044130679,0.128361313,0.947368421,0.068844622,0.002133131,0.090118885
data_BoTIoT.csv,COPOD,cluster,StandardScaler,23.26035994,85.20677849,16.48571429,0.015664003,0.139534884,0.913294798,0.075537849,0.001717806,0.060939074
data_BoTIoT.csv,AutoEncoder,cluster,StandardScaler,99.86206897,99.96813765,98.94285714,0.942053771,0.99413815,0.988344621,1,0.539984226,1.911030769
data_BoTIoT.csv,DevNet,cluster,StandardScaler,3.47715895,74.40523925,9.528571429,-0.268911611,0,0,0,0.160375595,0.130414248
data_BoTIoT.csv,LUNAR,cluster,StandardScaler,99.44827586,99.87267229,94.8,0.686025294,0.971813536,0.945172466,1,1.192034483,0.217954397
data_BoTIoT.csv,AE1SVM,cluster,StandardScaler,99.86206897,99.96813765,98.87142857,0.93805978,0.993744556,0.987566887,1,3.039013863,2.002763748
data_BoTIoT.csv,ALAD,cluster,StandardScaler,66.93540321,94.37532182,36.31428571,0.143858408,0.457664234,0.967095116,0.299760956,5.065843582,0.01492548
data_BoTIoT.csv,CBLOF,global,StandardScaler,99.59328184,99.9109123,98.8,0.932949654,0.993364929,0.986817326,1,0.286941051,0.080548286
data_BoTIoT.csv,KNN,global,StandardScaler,99.65841392,99.92797728,98.75714286,0.930499585,0.99312959,0.986352941,1,0.010370016,0.523747444
data_BoTIoT.csv,IForest,global,StandardScaler,99.907361,99.98069789,98.48571429,0.914884492,0.991641697,0.983421958,1,0.129171371,0.209145308
data_BoTIoT.csv,OCSVM,global,StandardScaler,97.61235955,99.46219551,98.41428571,0.910746374,0.991250887,0.98265354,1,0.005259275,0.107376099
data_BoTIoT.csv,LOF,global,StandardScaler,99.64327004,99.90842478,98.74285714,0.929681974,0.993051169,0.986198243,1,0.00271368,0.111684561
data_BoTIoT.csv,DeepSVDD,global,StandardScaler,99.43494118,99.89392777,98.44285714,0.912297655,0.991400394,0.983716925,0.999204835,0.460165024,0.00255394
data_BoTIoT.csv,HBOS,global,StandardScaler,99.92967477,99.98408659,98.52857143,0.917361495,0.991876331,0.983883586,1,0.00348115,0.010400057
data_BoTIoT.csv,PCA,global,StandardScaler,99.65879364,99.90895766,98.4,0.90991727,0.991172762,0.9825,1,0.000931025,0.0055089
data_BoTIoT.csv,LODA,global,StandardScaler,99.45088916,99.89315523,99.11428571,0.95079324,0.99509416,0.99023622,1,0.010365486,0.053600073
data_BoTIoT.csv,ECOD,global,StandardScaler,93.55029287,99.17393571,11.05714286,0.031809909,0.019527559,1,0.009860051,0.002186298,0.071110487
data_BoTIoT.csv,COPOD,global,StandardScaler,99.74259871,99.96992996,10.74285714,0.025509921,0.012642225,1,0.006361323,0.001758575,0.06071353
data_BoTIoT.csv,AutoEncoder,global,StandardScaler,99.8340874,99.96793185,98.47142857,0.91405785,0.99156351,0.983268178,1,0.53680563,1.917987347
data_BoTIoT.csv,DevNet,global,StandardScaler,0.552874478,74.23806211,9,-0.323543677,0,0,0,0.151000977,0.131569862
data_BoTIoT.csv,LUNAR,global,StandardScaler,99.92925038,99.98402842,98.58571429,0.920657401,0.992189349,0.984499765,1,1.62792635,0.231051683
data_BoTIoT.csv,AE1SVM,global,StandardScaler,99.67940986,99.91679332,98.37142857,0.908257571,0.991016548,0.982193065,1,2.708049059,1.97457099
data_BoTIoT.csv,ALAD,global,StandardScaler,61.85871921,93.76325543,33.25714286,0.122066696,0.418616227,0.962242563,0.267493639,5.039406061,0.026267767
data_N_BaIoT.csv,CBLOF,local,QuantileTransformer,98.97893069,99.88636224,97.02857143,0.828452702,0.983578083,0.987632789,0.979556534,0.93674612,0.091679335
data_N_BaIoT.csv,KNN,local,QuantileTransformer,98.56446782,99.84722377,95.45714286,0.767951191,0.974608751,0.989943228,0.959742098,0.011776686,0.881813288
data_N_BaIoT.csv,IForest,local,QuantileTransformer,97.88364864,99.76868965,95.11428571,0.741184313,0.972770701,0.985163683,0.960685642,0.140461683,0.40373373
data_N_BaIoT.csv,OCSVM,local,QuantileTransformer,98.8588655,99.88427539,96.4,0.793668937,0.980088496,0.984913451,0.975310583,0.010924339,0.147181749
data_N_BaIoT.csv,LOF,local,QuantileTransformer,99.64196335,99.94754835,98.61428571,0.915048231,0.992393947,0.989677823,0.99512502,0.010538101,0.110938787
data_N_BaIoT.csv,DeepSVDD,local,QuantileTransformer,94.47192292,99.38248007,87.65714286,0.543271105,0.928203424,0.984140969,0.878282749,0.469695807,0.009250164
data_N_BaIoT.csv,HBOS,local,QuantileTransformer,97.42007042,99.69555284,94.94285714,0.732313071,0.971810798,0.984352315,0.95958484,0.014583826,0.043252707
data_N_BaIoT.csv,PCA,local,QuantileTransformer,98.68087757,99.85941266,96.51428571,0.801270176,0.980711462,0.986011763,0.975467841,0.01894021,0.102369547
data_N_BaIoT.csv,LODA,local,QuantileTransformer,97.24998215,99.70006848,93.65714286,0.6916351,0.964343077,0.985393074,0.944173612,0.01756835,0.204762936
data_N_BaIoT.csv,ECOD,local,QuantileTransformer,97.56001971,99.73605342,24.72857143,0.136349676,0.292656732,1,0.171410599,0.012491465,0.356544018
data_N_BaIoT.csv,COPOD,local,QuantileTransformer,94.48153992,99.35689979,24.34285714,0.134343825,0.286445702,1,0.167164649,0.004637718,0.312190056
data_N_BaIoT.csv,AutoEncoder,local,QuantileTransformer,99.48448512,99.92307999,98.14285714,0.883942312,0.989846923,0.983242824,0.996540337,0.53478837,1.927234888
data_N_BaIoT.csv,DevNet,local,QuantileTransformer,48.40943064,92.08892931,26.42857143,0.06509564,0.332209544,0.946784922,0.201446768,0.169701338,0.122834444
data_N_BaIoT.csv,LUNAR,local,QuantileTransformer,99.41430807,99.93295906,97.64285714,0.854089615,0.987076055,0.983302122,0.990879069,1.094844818,0.231648684
data_N_BaIoT.csv,AE1SVM,local,QuantileTransformer,98.63132063,99.85578677,96.27142857,0.792210164,0.979323457,0.986749681,0.972008177,3.252905846,2.003571272
data_N_BaIoT.csv,ALAD,local,QuantileTransformer,45.80683243,90.42921443,16.85714286,-0.000798266,0.170940171,0.907715582,0.094354458,4.493388653,0.027236223
data_N_BaIoT.csv,CBLOF,cluster,QuantileTransformer,100,100,98.61428571,0.918573134,0.992387978,0.984890966,1,0.939174175,0.091505289
data_N_BaIoT.csv,KNN,cluster,QuantileTransformer,100,100,98.95714286,0.939142508,0.994260555,0.988586617,1,0.003883362,0.831948042
data_N_BaIoT.csv,IForest,cluster,QuantileTransformer,99.77843427,99.95257667,99,0.9416928,0.994495124,0.989050524,1,0.143994331,0.312167406
data_N_BaIoT.csv,OCSVM,cluster,QuantileTransformer,99.63072378,99.92098609,98.92857143,0.937439792,0.994104237,0.988277587,1,0.005163908,0.127501488
data_N_BaIoT.csv,LOF,cluster,QuantileTransformer,99.70457903,99.93677888,99.01428571,0.942541895,0.994573339,0.989205257,1,0.002182007,0.095018148
data_N_BaIoT.csv,DeepSVDD,cluster,QuantileTransformer,99.77843427,99.95257667,98.71428571,0.924603828,0.992933417,0.985966007,1,0.422222137,0.007233381
data_N_BaIoT.csv,HBOS,cluster,QuantileTransformer,99.85228951,99.96837945,98.8,0.929752257,0.993401414,0.98688934,1,0.015524626,0.046794415
data_N_BaIoT.csv,PCA,cluster,QuantileTransformer,99.85228951,99.96837945,99.02857143,0.94339049,0.994651565,0.989360038,1,0.007891417,0.096414089
data_N_BaIoT.csv,LODA,cluster,QuantileTransformer,99.92614476,99.98418722,99.3,0.959420944,0.996140213,0.992310107,1,0.01451993,0.04130578
data_N_BaIoT.csv,ECOD,cluster,QuantileTransformer,2.730086008,75.66645969,14.1,-0.585954634,0.247151621,0.593149038,0.156096789,0.005171537,0.328522921
data_N_BaIoT.csv,COPOD,cluster,QuantileTransformer,0.080337872,75.0067321,2.585714286,-0.875475517,0.050410806,0.210955711,0.028625652,0.004114866,0.30313611
data_N_BaIoT.csv,AutoEncoder,cluster,QuantileTransformer,100,100,99.1,0.947626037,0.995042883,0.99013467,1,0.478134871,1.919702053
data_N_BaIoT.csv,DevNet,cluster,QuantileTransformer,,90.32857143,8.6,-0.31804458,0,0,0,0.148899317,0.122519732
data_N_BaIoT.csv,LUNAR,cluster,QuantileTransformer,99.33530281,99.85786481,98.61428571,0.918573134,0.992387978,0.984890966,1,1.247157335,0.234984159
data_N_BaIoT.csv,AE1SVM,cluster,QuantileTransformer,99.63072378,99.92098609,99.12857143,0.949316815,0.995199496,0.990444862,1,3.061001062,1.998594761
data_N_BaIoT.csv,ALAD,cluster,QuantileTransformer,85.49000846,98.08842053,65.48571429,0.297049317,0.768049155,0.97727828,0.632611102,4.315579653,0.031611443
data_N_BaIoT.csv,CBLOF,global,QuantileTransformer,100,100,98.5,0.912615571,0.991755006,0.98364486,1,0.949206591,0.09136343
data_N_BaIoT.csv,KNN,global,QuantileTransformer,100,100,98.94285714,0.938956673,0.994175063,0.988417593,1,0.010324717,0.838206291
data_N_BaIoT.csv,IForest,global,QuantileTransformer,100,100,98.91428571,0.93727197,0.994018574,0.988108277,1,0.13705945,0.404369354
data_N_BaIoT.csv,OCSVM,global,QuantileTransformer,100,100,98.72857143,0.926272691,0.993002595,0.986102436,1,0.004762888,0.125010014
data_N_BaIoT.csv,LOF,global,QuantileTransformer,100,100,98.85714286,0.933896622,0.993705744,0.987490227,1,0.01003623,0.095835447
data_N_BaIoT.csv,DeepSVDD,global,QuantileTransformer,97.12090897,99.66348964,92.11428571,0.665192313,0.954901961,0.986329114,0.925415677,0.385409117,0.007574081
data_N_BaIoT.csv,HBOS,global,QuantileTransformer,99.9270073,99.98416719,98.98571429,0.941480047,0.994409889,0.988881929,1,0.014456034,0.046342134
data_N_BaIoT.csv,PCA,global,QuantileTransformer,100,100,99.21428571,0.954864946,0.99566417,0.991365777,1,0.00924015,0.098659754
data_N_BaIoT.csv,LODA,global,QuantileTransformer,98.85313036,99.80029904,98.74285714,0.927121828,0.993080673,0.986256442,1,0.030130386,0.057724476
data_N_BaIoT.csv,ECOD,global,QuantileTransformer,99.98656888,99.99849128,10.02857143,0.016250325,0.005369551,1,0.002692003,0.00499177,0.322460413
data_N_BaIoT.csv,COPOD,global,QuantileTransformer,99.97635106,99.99721497,10.51428571,0.028215162,0.01602262,1,0.00807601,0.005052328,0.318069935
data_N_BaIoT.csv,AutoEncoder,global,QuantileTransformer,100,100,98.45714286,0.910039697,0.991521432,0.983185427,1,0.478093863,1.35618329
data_N_BaIoT.csv,DevNet,global,QuantileTransformer,41.32858274,84.15541017,8.8,-0.304586592,0.006535948,0.189189189,0.003325416,0.340219736,0.134703875
data_N_BaIoT.csv,LUNAR,global,QuantileTransformer,100,100,98.44285714,0.909179987,0.991443598,0.983032379,1,1.206181288,0.33797884
data_N_BaIoT.csv,AE1SVM,global,QuantileTransformer,100,100,98.9,0.936428878,0.993940348,0.987953692,1,3.556160688,2.621033669
data_N_BaIoT.csv,ALAD,global,QuantileTransformer,48.55425906,88.96095156,14.57142857,-0.036161416,0.117733845,0.861771058,0.063182898,5.358595848,0.046103716
data_CICIoT2023.csv,CBLOF,local,QuantileTransformer,96.79644567,99.86653696,94.81428571,0.537039881,0.972609975,0.994291885,0.951853493,0.255295992,0.089255333
data_CICIoT2023.csv,KNN,local,QuantileTransformer,96.28643605,99.84744506,83.28571429,0.33919805,0.905690795,0.996983141,0.829714961,0.000687599,0.507077456
data_CICIoT2023.csv,IForest,local,QuantileTransformer,94.33933182,99.75436948,73.5,0.249459214,0.841845,0.995764421,0.729138975,0.119060755,0.266887426
data_CICIoT2023.csv,OCSVM,local,QuantileTransformer,94.45180738,99.74629,82.04285714,0.315671751,0.898061795,0.995863309,0.817752178,0.000921249,0.035081625
data_CICIoT2023.csv,LOF,local,QuantileTransformer,95.2539697,99.80416814,81.85714286,0.325584616,0.896781534,0.99710826,0.814798405,0.000746727,0.035934925
data_CICIoT2023.csv,DeepSVDD,local,QuantileTransformer,91.47126939,99.52948568,77.88571429,0.273140971,0.871492612,0.99507109,0.775217841,0.194955111,0.003495216
data_CICIoT2023.csv,HBOS,local,QuantileTransformer,89.76859313,99.26547391,75.27142857,0.245516958,0.854207024,0.993923951,0.748929257,0.00494194,0.015174627
data_CICIoT2023.csv,PCA,local,QuantileTransformer,97.08927555,99.85673361,94.05714286,0.537017126,0.96841306,0.996561963,0.941810663,0.000996828,0.010363579
data_CICIoT2023.csv,LODA,local,QuantileTransformer,82.09503798,99.11358935,42.41428571,0.117988166,0.577861556,0.993160547,0.407473047,0.010002136,0.197978497
data_CICIoT2023.csv,ECOD,local,QuantileTransformer,96.59026196,99.85876076,18.17142857,0.07695196,0.266956744,1,0.154039285,0.00150156,0.11093998
data_CICIoT2023.csv,COPOD,local,QuantileTransformer,94.27490344,99.73578956,20.58571429,0.084154701,0.303645246,1,0.178998671,0.001226187,0.092221737
data_CICIoT2023.csv,AutoEncoder,local,QuantileTransformer,96.90621253,99.81345634,96.51428571,0.639170409,0.981722846,0.996048032,0.967803869,0.199485779,2.064381361
data_CICIoT2023.csv,DevNet,local,QuantileTransformer,47.44601786,97.18085724,23.7,0.040481942,0.353154899,0.98115747,0.215330084,0.07827425,0.114533663
data_CICIoT2023.csv,LUNAR,local,QuantileTransformer,99.02693158,99.96488702,91.27142857,0.487178451,0.952793016,0.999027868,0.910648353,1.487444639,0.175436735
data_CICIoT2023.csv,AE1SVM,local,QuantileTransformer,96.78457898,99.8258071,94.62857143,0.554253292,0.971545331,0.996275027,0.948013587,1.163553953,1.984186411
data_CICIoT2023.csv,ALAD,local,QuantileTransformer,48.7852123,96.99430601,9.485714286,0.028323885,0.122194514,0.986577181,0.065130704,4.725408554,0.074271917
data_CICIoT2023.csv,CBLOF,cluster,QuantileTransformer,99.11894273,99.94097683,99.52857143,0.922215679,0.997569777,0.995151337,1,0.721650124,0.215792656
data_CICIoT2023.csv,KNN,cluster,QuantileTransformer,98.45814978,99.89675516,99.71428571,0.95352476,0.998525726,0.997055793,1,0.011021614,0.629311323
data_CICIoT2023.csv,IForest,cluster,QuantileTransformer,99.55947137,99.9704797,99.67142857,0.94638099,0.99830496,0.996615656,1,0.164719582,0.260847807
data_CICIoT2023.csv,OCSVM,cluster,QuantileTransformer,99.55947137,99.9704797,99.64285714,0.9415919,0.998157837,0.996322448,1,0.001565218,0.05988574
data_CICIoT2023.csv,LOF,cluster,QuantileTransformer,99.77973568,99.98523767,99.75714286,0.960621648,0.99874659,0.997496318,1,0.00096941,0.191865206
data_CICIoT2023.csv,DeepSVDD,cluster,QuantileTransformer,99.33920705,99.95572609,99.68571429,0.948767521,0.998378538,0.996762325,1,1.076816559,0.003667116
data_CICIoT2023.csv,HBOS,cluster,QuantileTransformer,96.25550661,99.74963181,99.6,0.934367577,0.997937233,0.995882958,1,0.008069992,0.016671419
data_CICIoT2023.csv,PCA,cluster,QuantileTransformer,99.77973568,99.98523767,99.6,0.934367577,0.997937233,0.995882958,1,0.001097679,0.012624741
data_CICIoT2023.csv,LODA,cluster,QuantileTransformer,99.52408858,99.96827529,99.74285714,0.958261163,0.998672958,0.997349433,1,0.010501385,0.473746777
data_CICIoT2023.csv,ECOD,cluster,QuantileTransformer,0.583197992,88.64939021,16.02857143,-0.374696011,0.276286629,0.831727205,0.165657759,0.001510143,0.137939692
data_CICIoT2023.csv,COPOD,cluster,QuantileTransformer,2.258969437,89.44805707,13.67142857,-0.405750196,0.240542918,0.808277027,0.141296324,0.001630306,0.118471861
data_CICIoT2023.csv,AutoEncoder,cluster,QuantileTransformer,99.55947137,99.9704797,99.54285714,0.924657401,0.997643246,0.995297575,1,0.251978159,2.245819569
data_CICIoT2023.csv,DevNet,cluster,QuantileTransformer,,96.75714286,2.971428571,-0.284967669,0,0,0,0.647018194,0.55151701
data_CICIoT2023.csv,LUNAR,cluster,QuantileTransformer,99.77973568,99.98523767,99.78571429,0.965327376,0.998893887,0.997790218,1,1.664785624,0.294130087
data_CICIoT2023.csv,AE1SVM,cluster,QuantileTransformer,99.77973568,99.98523767,99.58571429,0.93194845,0.99786372,0.995736548,1,1.386929035,2.510400295
data_CICIoT2023.csv,ALAD,cluster,QuantileTransformer,86.63330886,99.49481807,66.71428571,0.209175991,0.793036063,0.995317726,0.659087554,4.71791482,0.051292419
data_CICIoT2023.csv,CBLOF,global,QuantileTransformer,99.9859059,99.99953297,99.71428571,0.952698969,0.998526595,0.997057525,1,0.866732597,0.176608324
data_CICIoT2023.csv,KNN,global,QuantileTransformer,99.76020184,99.98452177,99.57142857,0.928254558,0.997791519,0.995592772,1,0.000859976,0.672687769
data_CICIoT2023.csv,IForest,global,QuantileTransformer,99.96314361,99.99877214,99.61428571,0.935640648,0.998011636,0.996177595,0.999852442,0.159882545,0.388875246
data_CICIoT2023.csv,OCSVM,global,QuantileTransformer,99.27838885,99.96498726,99.44285714,0.906201367,0.997127918,0.995295501,0.998967095,0.001565933,0.068174124
data_CICIoT2023.csv,LOF,global,QuantileTransformer,99.76370883,99.98467174,99.6,0.933188874,0.997938448,0.995885378,1,0.000870228,0.14285326
data_CICIoT2023.csv,DeepSVDD,global,QuantileTransformer,96.86025868,99.84460613,97.75714286,0.69968488,0.988347064,0.99432497,0.982440608,1.087531805,0.003887892
data_CICIoT2023.csv,HBOS,global,QuantileTransformer,96.63174242,99.77885701,99.44285714,0.905754357,0.997130876,0.994278169,1,0.00638485,0.020008087
data_CICIoT2023.csv,PCA,global,QuantileTransformer,99.11528111,99.9444614,99.55714286,0.925778631,0.997718071,0.995446533,1,0.001436234,0.017506123
data_CICIoT2023.csv,LODA,global,QuantileTransformer,85.12093463,99.26850131,39.27142857,0.113829291,0.54442182,0.994518403,0.374797108,0.01241827,0.837900877
data_CICIoT2023.csv,ECOD,global,QuantileTransformer,98.63558554,99.88542285,7.7,0.035666298,0.089358703,0.996855346,0.04677586,0.002250671,0.137569189
data_CICIoT2023.csv,COPOD,global,QuantileTransformer,99.07382594,99.95194396,5.9,0.030299603,0.054542845,1,0.028036004,0.00158906,0.116622925
data_CICIoT2023.csv,AutoEncoder,global,QuantileTransformer,98.19430135,99.88141147,99.47142857,0.910797267,0.99727761,0.994570003,1,0.219890118,2.55119276
data_CICIoT2023.csv,DevNet,global,QuantileTransformer,45.01161605,95.70381406,6.8,-0.071899472,0.079311318,0.909385113,0.041463775,0.815075397,0.392361403
data_CICIoT2023.csv,LUNAR,global,QuantileTransformer,99.99960298,99.99998694,99.67142857,0.945424501,0.998305959,0.996617647,1,1.868853569,0.242308855
data_CICIoT2023.csv,AE1SVM,global,QuantileTransformer,99.11399081,99.94436128,99.54285714,0.923296795,0.997644634,0.995300338,1,1.901549816,2.292711496
data_CICIoT2023.csv,ALAD,global,QuantileTransformer,49.99341614,96.4949576,9.257142857,-0.019959796,0.123136389,0.95503212,0.065810831,4.437737226,0.058586597
data_BoTIoT.csv,CBLOF,local,QuantileTransformer,88.64463158,98.10268075,76.64285714,0.409048486,0.852636323,0.978688185,0.755349729,0.979115486,0.146581173
data_BoTIoT.csv,KNN,local,QuantileTransformer,88.53749852,98.31145635,73.38571429,0.376435199,0.828500414,0.97804825,0.718620249,0.055970192,0.811256647
data_BoTIoT.csv,IForest,local,QuantileTransformer,81.25036245,96.65078917,50.48571429,0.19839345,0.626105717,0.964760638,0.463430214,0.211485147,0.317853451
data_BoTIoT.csv,OCSVM,local,QuantileTransformer,80.36788337,96.98830391,55.38571429,0.24882369,0.67342884,0.975461981,0.514212712,0.006966352,0.144682884
data_BoTIoT.csv,LOF,local,QuantileTransformer,92.63360148,98.95251067,75.04285714,0.411241634,0.840120802,0.98392283,0.732992654,0.023103237,0.276633978
data_BoTIoT.csv,DeepSVDD,local,QuantileTransformer,72.74610526,95.39841993,38.52857143,0.151072281,0.4857177,0.965320665,0.324496966,2.963861227,0.002637386
data_BoTIoT.csv,HBOS,local,QuantileTransformer,75.76124843,95.46236749,37.85714286,0.128486805,0.479913917,0.954804948,0.320504631,0.003825188,0.009554625
data_BoTIoT.csv,PCA,local,QuantileTransformer,76.93408601,95.96096538,41.14285714,0.162730179,0.518691589,0.966057441,0.354519323,0.001162767,0.007788181
data_BoTIoT.csv,LODA,local,QuantileTransformer,77.33827474,96.35171549,51.65714286,0.21947087,0.636753972,0.971185331,0.473650591,0.013611317,0.414509058
data_BoTIoT.csv,ECOD,local,QuantileTransformer,75.37098419,95.86337152,19.68571429,0.101821356,0.186631944,0.992307692,0.103002236,0.001925707,0.094403267
data_BoTIoT.csv,COPOD,local,QuantileTransformer,72.27556155,94.69286661,18.75714286,0.086505461,0.170870389,0.981574539,0.093580326,0.00223732,0.077567816
data_BoTIoT.csv,AutoEncoder,local,QuantileTransformer,86.64477482,98.01667248,65.85714286,0.314115052,0.768500581,0.976612506,0.633503673,0.617651224,2.082457304
data_BoTIoT.csv,DevNet,local,QuantileTransformer,50.66521601,90.62777392,25.05714286,0.07226253,0.291464073,0.944833625,0.172309166,1.291669369,0.741812944
data_BoTIoT.csv,LUNAR,local,QuantileTransformer,90.10620476,98.61618904,63.71428571,0.334802471,0.747765641,0.988707983,0.601245608,1.832584858,0.336829662
data_BoTIoT.csv,AE1SVM,local,QuantileTransformer,86.27498076,97.92200767,66.47142857,0.311928703,0.774044479,0.974545455,0.641967423,3.784121513,2.174049377
data_BoTIoT.csv,ALAD,local,QuantileTransformer,49.93785374,89.46846636,18.25714286,-0.036708703,0.183504566,0.861930295,0.102682849,4.776362896,0.058251619
data_BoTIoT.csv,CBLOF,cluster,QuantileTransformer,99.49856734,99.88904739,98.65714286,0.923369935,0.992597259,0.985303315,1,1.035701275,0.247572422
data_BoTIoT.csv,KNN,cluster,QuantileTransformer,99.92836676,99.98413454,99.07142857,0.947427351,0.994869366,0.98979111,1,0.03184557,0.901682854
data_BoTIoT.csv,IForest,cluster,QuantileTransformer,99.99831772,99.99981279,98.82857143,0.933373368,0.993536182,0.987155388,1,0.182952166,0.261616707
data_BoTIoT.csv,OCSVM,cluster,QuantileTransformer,100,100,98.8,0.931710986,0.993379571,0.986846226,1,0.010211229,0.194706678
data_BoTIoT.csv,LOF,cluster,QuantileTransformer,99.64183381,99.92072301,98.8,0.931710986,0.993379571,0.986846226,1,0.012534857,0.155949831
data_BoTIoT.csv,DeepSVDD,cluster,QuantileTransformer,100,100,98.68571429,0.925042069,0.992753623,0.985611511,1,3.348858356,0.023073435
data_BoTIoT.csv,HBOS,cluster,QuantileTransformer,99.3853659,99.92166867,98.44285714,0.910628902,0.991413942,0.984357891,0.998571882,0.004399776,0.023483992
data_BoTIoT.csv,PCA,cluster,QuantileTransformer,100,100,98.64285714,0.922533124,0.992519096,0.985149289,1,0.001241684,0.013247967
data_BoTIoT.csv,LODA,cluster,QuantileTransformer,99.82015533,99.96114223,98.7,0.925877396,0.992831824,0.985765681,1,0.011715889,0.356319666
data_BoTIoT.csv,ECOD,cluster,QuantileTransformer,17.46333542,81.60257285,16.31428571,-0.225831254,0.193557269,0.730769231,0.111551888,0.002391338,0.079140663
data_BoTIoT.csv,COPOD,cluster,QuantileTransformer,27.14376843,87.1045319,20.9,0.05739236,0.226567956,0.946324387,0.128689305,0.002395868,0.078778028
data_BoTIoT.csv,AutoEncoder,cluster,QuantileTransformer,99.57020057,99.90488269,98.64285714,0.922533124,0.992519096,0.985149289,1,0.609470606,2.392679214
data_BoTIoT.csv,DevNet,cluster,QuantileTransformer,0.000682005,89.23686007,8.928571429,-0.308461044,0,0,0,0.838363647,0.742888212
data_BoTIoT.csv,LUNAR,cluster,QuantileTransformer,98.35243553,99.63636364,94.95714286,0.684143186,0.972756039,0.946957175,1,2.011906385,0.381929398
data_BoTIoT.csv,AE1SVM,cluster,QuantileTransformer,99.85673352,99.96827411,98.75714286,0.929213796,0.993144748,0.986382846,1,5.771091461,2.532967806
data_BoTIoT.csv,ALAD,cluster,QuantileTransformer,83.01101029,97.82170525,67.8,0.328454882,0.785659947,0.980303749,0.655506189,5.177034378,0.051319122
data_BoTIoT.csv,CBLOF,global,QuantileTransformer,99.71129897,99.93635957,98.71428571,0.926517184,0.99291227,0.985924304,1,0.840092421,0.179872274
data_BoTIoT.csv,KNN,global,QuantileTransformer,99.85625346,99.96827412,98.87142857,0.935693564,0.993773154,0.987623375,1,0.023121357,0.815869331
data_BoTIoT.csv,IForest,global,QuantileTransformer,99.83849882,99.9813824,98.75714286,0.929025682,0.993146908,0.986387107,1,0.166497707,0.290534496
data_BoTIoT.csv,OCSVM,global,QuantileTransformer,99.65185852,99.95947556,98.61428571,0.920537975,0.992354378,0.986213379,0.998572335,0.00981307,0.1959095
data_BoTIoT.csv,LOF,global,QuantileTransformer,99.88626998,99.98737681,98.7,0.925584814,0.99282391,0.987141289,0.998572335,0.052580118,0.144600868
data_BoTIoT.csv,DeepSVDD,global,QuantileTransformer,93.67338608,99.15146749,78.61428571,0.445240996,0.866850485,0.986636971,0.773001269,3.963113785,0.00279808
data_BoTIoT.csv,HBOS,global,QuantileTransformer,99.65120896,99.94835102,98.85714286,0.934811905,0.993691847,0.98792725,0.999524112,0.004125118,0.01056242
data_BoTIoT.csv,PCA,global,QuantileTransformer,98.90377028,99.85546508,98.37142857,0.906260952,0.991012299,0.985109718,0.996986041,0.001019716,0.005835533
data_BoTIoT.csv,LODA,global,QuantileTransformer,94.44204373,99.25766967,78.51428571,0.449064537,0.865977544,0.988003253,0.770780457,0.011389256,0.190117836
data_BoTIoT.csv,ECOD,global,QuantileTransformer,93.78247801,99.04058011,11.28571429,0.038765658,0.029384183,1,0.014911168,0.002264738,0.075485468
data_BoTIoT.csv,COPOD,global,QuantileTransformer,96.62978532,99.58925212,10.92857143,0.033153021,0.021653852,1,0.010945431,0.002048254,0.089522362
data_BoTIoT.csv,AutoEncoder,global,QuantileTransformer,99.35063351,99.85688925,98.95714286,0.94067434,0.994243356,0.988552611,1,0.884921312,2.88906002
data_BoTIoT.csv,DevNet,global,QuantileTransformer,24.4947789,79.70219187,9.342857143,-0.250598138,0.010910224,0.3125,0.00555203,1.353859901,0.876900911
data_BoTIoT.csv,LUNAR,global,QuantileTransformer,99.99995442,99.99999497,99.6,0.977510116,0.997784109,0.995578016,1,2.380879402,0.482441425
data_BoTIoT.csv,AE1SVM,global,QuantileTransformer,99.79544551,99.96019716,98.95714286,0.94067434,0.994243356,0.988552611,1,5.753605366,2.306988955
data_BoTIoT.csv,ALAD,global,QuantileTransformer,57.37519783,92.10999583,26.74285714,0.07230713,0.327387198,0.945454545,0.197969543,4.726716042,0.073091507
data_N_BaIoT.csv,CBLOF,local,MinMaxScaler,93.83465101,98.2534604,95.87142857,0.78602176,0.976929832,0.988689611,0.965446513,1.798670769,0.239272833
data_N_BaIoT.csv,KNN,local,MinMaxScaler,94.32949628,98.32321816,96.87142857,0.8297253,0.982601096,0.989598336,0.975702114,0.008541584,1.317853689
data_N_BaIoT.csv,IForest,local,MinMaxScaler,92.72292049,98.15810366,86.78571429,0.550118121,0.922183898,0.98774554,0.864783843,0.186581135,0.574072599
data_N_BaIoT.csv,OCSVM,local,MinMaxScaler,88.65608486,97.77811889,69.87142857,0.340555238,0.803283276,0.982432124,0.679394131,0.008179188,0.214200258
data_N_BaIoT.csv,LOF,local,MinMaxScaler,94.37545939,98.43297,97.12857143,0.84220198,0.984046353,0.990097429,0.978068791,0.045324802,0.20939517
data_N_BaIoT.csv,DeepSVDD,local,MinMaxScaler,90.20225437,98.23024533,79.31428571,0.430731571,0.87291557,0.983583861,0.784632376,3.523501873,0.007936001
data_N_BaIoT.csv,HBOS,local,MinMaxScaler,92.69831229,98.1620522,88.98571429,0.585577562,0.936074952,0.986370785,0.890659514,0.015997171,0.061261892
data_N_BaIoT.csv,PCA,local,MinMaxScaler,92.78586505,98.16011412,88.62857143,0.582948994,0.933788055,0.987508797,0.885610603,0.142253876,0.162023306
data_N_BaIoT.csv,LODA,local,MinMaxScaler,87.2580293,96.82516915,63.9,0.305183537,0.75401538,0.984243964,0.611076049,0.192102432,0.479849815
data_N_BaIoT.csv,ECOD,local,MinMaxScaler,93.76403204,98.48060959,21.37142857,0.08358202,0.238306117,0.969594595,0.13584727,0.005947113,0.440888166
data_N_BaIoT.csv,COPOD,local,MinMaxScaler,91.24896681,97.97697388,22.78571429,0.083402085,0.263724288,0.965104686,0.152729568,0.005453348,0.447750807
data_N_BaIoT.csv,AutoEncoder,local,MinMaxScaler,94.28839523,98.36964394,96.42857143,0.807819767,0.98011454,0.988290022,0.972073209,0.736415386,2.715920687
data_N_BaIoT.csv,DevNet,local,MinMaxScaler,50.92693665,92.94789496,35.08571429,0.120491259,0.451075139,0.962371134,0.29457242,0.700146198,0.36348033
data_N_BaIoT.csv,LUNAR,local,MinMaxScaler,94.98135735,98.73117814,96.1,0.804028169,0.978154757,0.992368891,0.964342064,1.947815895,0.538511276
data_N_BaIoT.csv,AE1SVM,local,MinMaxScaler,93.36188758,98.43792698,88.97142857,0.590623493,0.935901694,0.987732212,0.889239508,3.930467606,2.483193636
data_N_BaIoT.csv,ALAD,local,MinMaxScaler,48.01406469,90.54760826,19.78571429,0.020922709,0.219596942,0.921820303,0.124644998,5.096965313,0.046658754
data_N_BaIoT.csv,CBLOF,cluster,MinMaxScaler,99.47994056,99.88948532,99.02857143,0.943080572,0.994654928,0.989366693,1,1.437728882,0.211784601
data_N_BaIoT.csv,KNN,cluster,MinMaxScaler,99.70282318,99.93681883,99.08571429,0.946489113,0.994967762,0.989985918,1,0.04524684,1.185448885
data_N_BaIoT.csv,IForest,cluster,MinMaxScaler,96.9700834,99.25609372,98.84285714,0.931946511,0.993639576,0.987359551,1,0.17272377,0.483021021
data_N_BaIoT.csv,OCSVM,cluster,MinMaxScaler,99.62852897,99.92103601,98.95714286,0.938808522,0.994264163,0.98859375,1,0.006277561,0.195450544
data_N_BaIoT.csv,LOF,cluster,MinMaxScaler,99.70282318,99.93681883,99.07142857,0.94563773,0.994889535,0.989831039,1,0.031342745,0.234976053
data_N_BaIoT.csv,DeepSVDD,cluster,MinMaxScaler,99.92570579,99.98419722,98.95714286,0.938808522,0.994264163,0.98859375,1,2.925303936,0.012877226
data_N_BaIoT.csv,HBOS,cluster,MinMaxScaler,96.47527014,99.05424698,98.8,0.929364639,0.993405558,0.98689752,1,0.028105259,0.075345278
data_N_BaIoT.csv,PCA,cluster,MinMaxScaler,99.33135215,99.85795455,98.94285714,0.937952581,0.994186047,0.988439306,1,0.295799017,0.202568769
data_N_BaIoT.csv,LODA,cluster,MinMaxScaler,96.96942583,98.8942042,98.91428571,0.936239154,0.994029851,0.988130564,1,0.130533695,0.328641176
data_N_BaIoT.csv,ECOD,cluster,MinMaxScaler,6.768910147,79.30542702,8.371428571,-0.579709009,0.108671484,0.449942463,0.061798641,0.019823313,0.596729994
data_N_BaIoT.csv,COPOD,cluster,MinMaxScaler,11.5189014,81.53248177,13.05714286,-0.260553079,0.133542141,0.672883788,0.074126758,0.004950047,0.384260654
data_N_BaIoT.csv,AutoEncoder,cluster,MinMaxScaler,99.85141159,99.96839943,98.97142857,0.939663951,0.994342291,0.988748242,1,0.704725981,2.374247789
data_N_BaIoT.csv,DevNet,cluster,MinMaxScaler,0.520059435,90.38571429,8.542857143,-0.319089217,0,0,0,1.779191732,0.676131248
data_N_BaIoT.csv,LUNAR,cluster,MinMaxScaler,99.77711738,99.95260664,99.41428571,0.965936099,0.996770382,0.993561558,1,1.697504759,0.550811052
data_N_BaIoT.csv,AE1SVM,cluster,MinMaxScaler,99.62852897,99.92103601,98.98571429,0.940518869,0.994420432,0.988902782,1,4.559084892,2.695634365
data_N_BaIoT.csv,ALAD,cluster,MinMaxScaler,86.23112438,98.40065384,73.9,0.372067263,0.833954376,0.981180496,0.725146199,4.966150999,0.104184628
data_N_BaIoT.csv,CBLOF,global,MinMaxScaler,99.51265713,99.89758743,98.57142857,0.916556537,0.992148241,0.984418822,1,1.464771509,0.173860312
data_N_BaIoT.csv,KNN,global,MinMaxScaler,99.5601173,99.90512334,98.62857143,0.919987557,0.992459943,0.985032741,1,0.023457289,1.026447535
data_N_BaIoT.csv,IForest,global,MinMaxScaler,99.25024531,99.85499305,98.38571429,0.905345822,0.99113656,0.98242886,1,0.224811554,0.632646084
data_N_BaIoT.csv,OCSVM,global,MinMaxScaler,99.45247902,99.88688262,98.52857143,0.913977639,0.991914593,0.983958885,1,0.006899595,0.24933362
data_N_BaIoT.csv,LOF,global,MinMaxScaler,99.54052983,99.90189239,98.74285714,0.926824229,0.993083936,0.986262879,1,0.058666945,0.265485525
data_N_BaIoT.csv,DeepSVDD,global,MinMaxScaler,98.60448525,99.71893807,98.71428571,0.925095491,0.992926753,0.986106775,0.999841722,2.619541407,0.013346195
data_N_BaIoT.csv,HBOS,global,MinMaxScaler,99.13012117,99.82049388,98.27142857,0.898400203,0.990515011,0.981208262,1,0.015696764,0.085690022
data_N_BaIoT.csv,PCA,global,MinMaxScaler,98.46041056,99.66871746,98.58571429,0.917415094,0.992226148,0.98457223,1,0.0864048,0.218505383
data_N_BaIoT.csv,LODA,global,MinMaxScaler,96.45058247,99.02985165,98.72857143,0.925971475,0.993005894,0.986108943,1,0.26625967,0.412991285
data_N_BaIoT.csv,ECOD,global,MinMaxScaler,99.62185034,99.90182534,9.885714286,0.012426928,0.003160556,1,0.001582779,0.005036592,0.454244137
data_N_BaIoT.csv,COPOD,global,MinMaxScaler,99.8051464,99.97004823,9.914285714,0.013614966,0.003791469,1,0.001899335,0.005099535,0.470263004
data_N_BaIoT.csv,AutoEncoder,global,MinMaxScaler,99.26686217,99.84197219,98.25714286,0.897529441,0.990437373,0.981055901,1,0.557479382,2.124776125
data_N_BaIoT.csv,DevNet,global,MinMaxScaler,1.977220974,75.20428376,8.742857143,-0.305900387,0,0,0,1.006354809,0.44020462
data_N_BaIoT.csv,LUNAR,global,MinMaxScaler,98.97360704,99.77890082,99.15714286,0.95133492,0.995352501,0.990748001,1,1.811897993,0.573292255
data_N_BaIoT.csv,AE1SVM,global,MinMaxScaler,98.75366569,99.73164957,98.7,0.924264405,0.992849847,0.985801217,1,3.883878231,2.150649071
data_N_BaIoT.csv,ALAD,global,MinMaxScaler,57.8871961,92.91187246,29.2,0.085636835,0.366888094,0.950993377,0.227287116,4.698279381,0.080015659
data_CICIoT2023.csv,CBLOF,local,MinMaxScaler,93.29522313,99.67777817,83.8,0.331422958,0.908988764,0.995779849,0.836113982,0.83689189,0.210089207
data_CICIoT2023.csv,KNN,local,MinMaxScaler,91.94218948,99.63423346,63.65714286,0.198861349,0.769523464,0.995779601,0.627048575,0.000962257,0.777471304
data_CICIoT2023.csv,IForest,local,MinMaxScaler,96.44188411,99.85138934,91.51428571,0.452170416,0.954328771,0.995668218,0.91628525,0.152406693,0.457502365
data_CICIoT2023.csv,OCSVM,local,MinMaxScaler,89.85197119,99.53606608,64.81428571,0.19519575,0.77872608,0.994492887,0.639893696,0.005463362,0.112492323
data_CICIoT2023.csv,LOF,local,MinMaxScaler,89.90641124,99.56484084,57.41428571,0.177974053,0.718587747,0.996335079,0.561937103,0.000962496,0.086441755
data_CICIoT2023.csv,DeepSVDD,local,MinMaxScaler,93.52735759,99.72057796,85.91428571,0.347034844,0.921870048,0.994869164,0.858851321,0.830528498,0.003354311
data_CICIoT2023.csv,HBOS,local,MinMaxScaler,93.53769925,99.67195534,90.15714286,0.409060911,0.946692456,0.994473342,0.903292485,0.005363941,0.01901412
data_CICIoT2023.csv,PCA,local,MinMaxScaler,98.19638874,99.91004843,96.74285714,0.657540125,0.982936686,0.996661102,0.969585117,0.001269579,0.023397446
data_CICIoT2023.csv,LODA,local,MinMaxScaler,76.6409903,97.89841156,13.42857143,-0.000665086,0.195859873,0.9672346,0.108962055,0.012618303,0.403900623
data_CICIoT2023.csv,ECOD,local,MinMaxScaler,98.64384434,99.94860464,17.52857143,0.074738911,0.257300913,1,0.147645061,0.001897812,0.163182735
data_CICIoT2023.csv,COPOD,local,MinMaxScaler,96.77291474,99.86933105,20.08571429,0.082391137,0.296529175,1,0.174073527,0.001575708,0.12091732
data_CICIoT2023.csv,AutoEncoder,local,MinMaxScaler,98.35157866,99.91804995,98.74285714,0.814343629,0.993488234,0.995846314,0.991141296,0.216506958,3.004594088
data_CICIoT2023.csv,DevNet,local,MinMaxScaler,48.17391678,97.03282966,20.28571429,0.032307222,0.303892216,0.979887369,0.179831685,0.62268734,0.321897984
data_CICIoT2023.csv,LUNAR,local,MinMaxScaler,99.65326175,99.98820959,98.81428571,0.833162358,0.993850485,0.997471743,0.990255426,1.422991514,0.219376087
data_CICIoT2023.csv,AE1SVM,local,MinMaxScaler,98.09095586,99.90619245,96.97142857,0.668380431,0.984157824,0.996368588,0.972242728,1.567124605,2.934313059
data_CICIoT2023.csv,ALAD,local,MinMaxScaler,48.70134136,96.98812818,10.37142857,0.012324262,0.140312414,0.975238095,0.075594271,4.89498806,0.0583179
data_CICIoT2023.csv,CBLOF,cluster,MinMaxScaler,98.86877828,99.92629717,99.51428571,0.917568063,0.997498529,0.995009541,1,0.764553308,0.177598953
data_CICIoT2023.csv,KNN,cluster,MinMaxScaler,99.09502262,99.94102904,99.67142857,0.944932881,0.998306458,0.996618642,1,0.000753164,0.659667969
data_CICIoT2023.csv,IForest,cluster,MinMaxScaler,99.09502262,99.94102904,99.57142857,0.927602043,0.99779217,0.995594067,1,0.166037798,0.372115374
data_CICIoT2023.csv,OCSVM,cluster,MinMaxScaler,98.19004525,99.8821276,99.65714286,0.94247439,0.998232955,0.996472145,1,0.001299143,0.053278923
data_CICIoT2023.csv,LOF,cluster,MinMaxScaler,99.32126697,99.95576526,99.71428571,0.952274573,0.998527029,0.997058391,1,0.000962019,0.090881348
data_CICIoT2023.csv,DeepSVDD,cluster,MinMaxScaler,99.54751131,99.97050583,99.42857143,0.902330469,0.997058391,0.994134037,1,1.236711264,0.003306389
data_CICIoT2023.csv,HBOS,cluster,MinMaxScaler,95.70135747,99.72050603,99.51428571,0.917568063,0.997498529,0.995009541,1,0.005348682,0.023074389
data_CICIoT2023.csv,PCA,cluster,MinMaxScaler,99.09502262,99.94102904,99.48571429,0.912514164,0.997351773,0.994717535,1,0.011903286,0.034326553
data_CICIoT2023.csv,LODA,cluster,MinMaxScaler,68.83381537,96.55418747,3.685714286,-0.120335772,0.015766423,0.76056338,0.007965777,0.011126518,0.244177341
data_CICIoT2023.csv,ECOD,cluster,MinMaxScaler,2.128212026,89.53460292,16.2,-0.368532375,0.278829604,0.836900369,0.16728131,0.008046627,0.123029232
data_CICIoT2023.csv,COPOD,cluster,MinMaxScaler,4.500523643,90.66108162,13.67142857,-0.401399452,0.240542918,0.812393888,0.141171264,0.001573086,0.110875845
data_CICIoT2023.csv,AutoEncoder,cluster,MinMaxScaler,98.19004525,99.8821276,99.45714286,0.907435108,0.99720506,0.9944257,1,0.299349546,2.201828718
data_CICIoT2023.csv,DevNet,cluster,MinMaxScaler,0.678733032,96.84285714,2.771428571,-0.344634483,0,0,0,0.57403636,0.30971694
data_CICIoT2023.csv,LUNAR,cluster,MinMaxScaler,98.64253394,99.91156964,99.52857143,0.920085709,0.997571923,0.995155608,1,2.158835411,0.241336107
data_CICIoT2023.csv,AE1SVM,cluster,MinMaxScaler,99.09502262,99.94102904,99.48571429,0.912514164,0.997351773,0.994717535,1,1.959395409,2.552504539
data_CICIoT2023.csv,ALAD,cluster,MinMaxScaler,82.91176037,99.35255025,73.34285714,0.236865023,0.841083291,0.994962724,0.728426022,4.803691626,0.042814255
data_CICIoT2023.csv,CBLOF,global,MinMaxScaler,99.69315542,99.98850609,99.61428571,0.938141575,0.99800929,0.99602649,1,0.639119148,0.213097095
data_CICIoT2023.csv,KNN,global,MinMaxScaler,99.69019397,99.98037359,99.7,0.952191951,0.998450985,0.996906761,1,0.000928164,0.563435316
data_CICIoT2023.csv,IForest,global,MinMaxScaler,99.99974525,99.99999127,99.88571429,0.982027146,0.999409333,0.998819362,1,0.133886576,0.269850731
data_CICIoT2023.csv,OCSVM,global,MinMaxScaler,98.61531446,99.9267265,97.41428571,0.713898304,0.98648144,0.997432412,0.975768322,0.001178265,0.044593811
data_CICIoT2023.csv,LOF,global,MinMaxScaler,99.34822593,99.96122436,99.18571429,0.881816586,0.995779966,0.99792254,0.993646572,0.000801563,0.05334568
data_CICIoT2023.csv,DeepSVDD,global,MinMaxScaler,98.64040719,99.92721134,97.91428571,0.751645965,0.989123957,0.997445913,0.980939716,0.720719814,0.003963232
data_CICIoT2023.csv,HBOS,global,MinMaxScaler,97.62931034,99.83773418,99.61428571,0.938141575,0.99800929,0.99602649,1,0.006317616,0.019855499
data_CICIoT2023.csv,PCA,global,MinMaxScaler,99.56418898,99.97016885,99.72857143,0.956835015,0.998598303,0.99720053,1,0.001307487,0.011284828
data_CICIoT2023.csv,LODA,global,MinMaxScaler,95.70892053,99.82315307,85.15714286,0.365778752,0.917072392,0.997222704,0.848847518,0.010675907,0.048497438
data_CICIoT2023.csv,ECOD,global,MinMaxScaler,99.88128719,99.99534605,11.31428571,0.054596512,0.152838428,1,0.082742317,0.001956701,0.110635519
data_CICIoT2023.csv,COPOD,global,MinMaxScaler,99.72671853,99.98662073,15.97142857,0.070480335,0.231512934,1,0.130910165,0.001253366,0.093580961
data_CICIoT2023.csv,AutoEncoder,global,MinMaxScaler,99.35293878,99.95566941,99.71428571,0.954515964,0.998524639,0.997053624,1,0.207176924,2.351925135
data_CICIoT2023.csv,DevNet,global,MinMaxScaler,54.28630294,96.93889777,14.68571429,0.009735877,0.215449291,0.971563981,0.121158392,0.072666407,0.103962183
data_CICIoT2023.csv,LUNAR,global,MinMaxScaler,100,100,99.74285714,0.95914914,0.998671979,0.99734748,1,1.260200739,0.104390383
data_CICIoT2023.csv,AE1SVM,global,MinMaxScaler,99.56418898,99.97018432,99.67142857,0.94752889,0.99830371,0.996613164,1,1.140186548,1.974937677
data_CICIoT2023.csv,ALAD,global,MinMaxScaler,48.88999704,96.58616427,10.52857143,-0.008536129,0.143814081,0.961608775,0.077718676,4.584761858,0.028501034
data_BoTIoT.csv,CBLOF,local,MinMaxScaler,79.7976283,97.17012841,54.71428571,0.236686525,0.669929196,0.976031553,0.509987318,0.27631402,0.086005688
data_BoTIoT.csv,KNN,local,MinMaxScaler,78.31749114,97.05649786,54.37142857,0.242301984,0.665899582,0.978782288,0.504597337,0.006206036,0.567732096
data_BoTIoT.csv,IForest,local,MinMaxScaler,74.42439365,95.8921649,38.64285714,0.13428521,0.494289415,0.960640732,0.332752061,0.13509655,0.235372782
data_BoTIoT.csv,OCSVM,local,MinMaxScaler,79.37278472,97.2030145,58.55714286,0.247255344,0.707294925,0.972800444,0.555643627,0.005594254,0.108028173
data_BoTIoT.csv,LOF,local,MinMaxScaler,86.03363103,97.96489758,57.98571429,0.273317402,0.699683447,0.983070301,0.543119848,0.010703087,0.101231098
data_BoTIoT.csv,DeepSVDD,local,MinMaxScaler,72.82178608,96.02863676,45.84285714,0.189204785,0.577227612,0.973298232,0.41027267,0.498530626,0.002884388
data_BoTIoT.csv,HBOS,local,MinMaxScaler,67.75127969,94.44885301,32.2,0.096561528,0.409554616,0.951445087,0.260938491,0.003511429,0.00782299
data_BoTIoT.csv,PCA,local,MinMaxScaler,75.77439741,96.32994019,46.1,0.180926415,0.581196581,0.969270641,0.415028535,0.001155615,0.007889986
data_BoTIoT.csv,LODA,local,MinMaxScaler,74.55955553,96.22149564,48.6,0.191844654,0.60865782,0.96950797,0.443563729,0.01452136,0.068702936
data_BoTIoT.csv,ECOD,local,MinMaxScaler,78.04659465,96.50980436,21.41428571,0.119562072,0.226844694,1,0.127932784,0.002255678,0.071550608
data_BoTIoT.csv,COPOD,local,MinMaxScaler,71.63609565,95.04269906,19.44285714,0.097617612,0.193391503,0.989751098,0.107165504,0.001827002,0.06175375
data_BoTIoT.csv,AutoEncoder,local,MinMaxScaler,79.98053211,97.17851195,54.71428571,0.23901876,0.669722859,0.976899696,0.509511731,0.585567474,1.931993008
data_BoTIoT.csv,DevNet,local,MinMaxScaler,50.93255972,91.7382317,28,0.074636745,0.348163476,0.945224719,0.213379835,0.168567181,0.280315161
data_BoTIoT.csv,LUNAR,local,MinMaxScaler,80.50793836,97.44261787,48.92857143,0.242175564,0.607013301,0.989960559,0.437698161,1.370424032,0.169452906
data_BoTIoT.csv,AE1SVM,local,MinMaxScaler,78.94936149,97.08267687,55.82857143,0.241503452,0.680842279,0.975739645,0.522828155,3.920440674,1.968905449
data_BoTIoT.csv,ALAD,local,MinMaxScaler,50.5641405,90.48407361,17.65714286,-0.010238983,0.176806627,0.891930836,0.09812936,5.896459103,0.03042531
data_BoTIoT.csv,CBLOF,cluster,MinMaxScaler,99.86052999,99.9681782,98.6,0.921987226,0.992261529,0.984641906,1,0.301718473,0.080476522
data_BoTIoT.csv,KNN,cluster,MinMaxScaler,99.72105997,99.93637665,98.9,0.939042787,0.993909673,0.987893082,1,0.004359961,0.573031902
data_BoTIoT.csv,IForest,cluster,MinMaxScaler,93.56244774,99.02578691,85.15714286,0.513245428,0.911521758,0.98021978,0.851822378,0.13076973,0.221816063
data_BoTIoT.csv,OCSVM,cluster,MinMaxScaler,99.58158996,99.90459533,98.62857143,0.923620261,0.992418259,0.984950619,1,0.004953146,0.101110935
data_BoTIoT.csv,LOF,cluster,MinMaxScaler,99.86052999,99.9681782,99.35714286,0.964662405,0.996431687,0.992888748,1,0.002471447,0.114527941
data_BoTIoT.csv,DeepSVDD,cluster,MinMaxScaler,99.79079498,99.9522749,98.98571429,0.943879613,0.994381578,0.988825936,1,0.517898083,0.002925158
data_BoTIoT.csv,HBOS,cluster,MinMaxScaler,83.28726139,97.02442424,36.97142857,0.123446408,0.470729367,0.955674623,0.312271208,0.003512144,0.007923841
data_BoTIoT.csv,PCA,cluster,MinMaxScaler,100,100,98.48571429,0.915436265,0.991635101,0.983408984,1,0.000962257,0.006000996
data_BoTIoT.csv,LODA,cluster,MinMaxScaler,99.8360012,99.96303137,98.87142857,0.937427002,0.993752471,0.987582521,1,0.010488749,0.057575703
data_BoTIoT.csv,ECOD,cluster,MinMaxScaler,18.50732456,81.52575748,15.44285714,-0.137300676,0.149202242,0.770029674,0.082603852,0.002148151,0.079329491
data_BoTIoT.csv,COPOD,cluster,MinMaxScaler,30.06931768,88.0490507,22.17142857,0.091855179,0.240167364,0.970687711,0.137036448,0.001763105,0.062694311
data_BoTIoT.csv,AutoEncoder,cluster,MinMaxScaler,99.65132497,99.92048346,98.8,0.933379766,0.993359684,0.986806973,1,0.704185486,2.428248644
data_BoTIoT.csv,DevNet,cluster,MinMaxScaler,0.069735007,89.75714286,9.5,-0.256091827,0,0,0,0.154369831,0.133980989
data_BoTIoT.csv,LUNAR,cluster,MinMaxScaler,100,100,99.04285714,0.947095488,0.99469643,0.989448819,1,1.174933195,0.168287754
data_BoTIoT.csv,AE1SVM,cluster,MinMaxScaler,99.58158996,99.90459533,98.65714286,0.925251434,0.992575039,0.985259526,1,3.770991087,2.310105562
data_BoTIoT.csv,ALAD,cluster,MinMaxScaler,63.43356173,94.14588442,35.4,0.111906408,0.45054678,0.952234206,0.295081967,3.764663219,0.02884984
data_BoTIoT.csv,CBLOF,global,MinMaxScaler,99.59506957,99.91197791,98.87142857,0.938506233,0.993737614,0.987708793,0.999840485,0.272904873,0.089315891
data_BoTIoT.csv,KNN,global,MinMaxScaler,99.85717836,99.96720091,99.17142857,0.955100476,0.995395364,0.990832938,1,0.029550076,0.559054375
data_BoTIoT.csv,IForest,global,MinMaxScaler,99.99430459,99.99933426,98.95714286,0.943279236,0.994211403,0.988489436,1,0.128246069,0.233762264
data_BoTIoT.csv,OCSVM,global,MinMaxScaler,99.57888893,99.93192182,98.42857143,0.9139846,0.991264295,0.987031472,0.995533578,0.004532099,0.096186161
data_BoTIoT.csv,LOF,global,MinMaxScaler,96.72327451,99.4858735,95.61428571,0.789554262,0.975215952,0.987250736,0.963471048,0.002280235,0.088862896
data_BoTIoT.csv,DeepSVDD,global,MinMaxScaler,97.51889686,99.604648,95.01428571,0.764929204,0.971766038,0.985883125,0.958047535,0.455553532,0.002509594
data_BoTIoT.csv,HBOS,global,MinMaxScaler,99.79356873,99.95195984,98.82857143,0.936142018,0.993502377,0.987088647,1,0.003452778,0.010763168
data_BoTIoT.csv,PCA,global,MinMaxScaler,99.64128748,99.92551677,98.98571429,0.944860699,0.994369101,0.988801262,1,0.000937462,0.005776882
data_BoTIoT.csv,LODA,global,MinMaxScaler,98.29565453,99.76868121,96.64285714,0.831409211,0.981122982,0.988187702,0.974158558,0.01047039,0.125368357
data_BoTIoT.csv,ECOD,global,MinMaxScaler,99.81731051,99.97767994,11.35714286,0.032801598,0.02021159,1,0.010208965,0.002080679,0.099164724
data_BoTIoT.csv,COPOD,global,MinMaxScaler,99.76493894,99.96718977,11.08571429,0.02746738,0.014254039,1,0.007178178,0.001920938,0.063009501
data_BoTIoT.csv,AutoEncoder,global,MinMaxScaler,99.45243341,99.87248714,98.77142857,0.932958931,0.993187579,0.986467349,1,0.532526016,1.955784559
data_BoTIoT.csv,DevNet,global,MinMaxScaler,18.28661389,78.83868483,10.72857143,-0.215731383,0.039354343,0.542372881,0.020417929,0.1616745,0.135781527
data_BoTIoT.csv,LUNAR,global,MinMaxScaler,99.72640219,99.93623466,99.27142857,0.960586245,0.995948844,0.99193038,1,1.141588449,0.15568924
data_BoTIoT.csv,AE1SVM,global,MinMaxScaler,99.3827574,99.85634794,98.58571429,0.922566028,0.992165862,0.984453518,1,3.418384314,1.993121147
data_BoTIoT.csv,ALAD,global,MinMaxScaler,52.83638969,90.76298559,21.57142857,0.041586888,0.235162998,0.928492849,0.134630723,5.199114084,0.026231289
data_N_BaIoT.csv,CBLOF,local,Normalizer,95.71367999,99.46062385,91.01428571,0.629044305,0.948505935,0.986546322,0.913290241,0.957535744,0.08966732
data_N_BaIoT.csv,KNN,local,Normalizer,96.74291894,99.63449316,90.74285714,0.635194985,0.946692991,0.989850335,0.907141731,0.004395008,0.785881519
data_N_BaIoT.csv,IForest,local,Normalizer,96.50243044,99.58657818,89.07142857,0.594391651,0.936519791,0.988612474,0.889642125,0.137503624,0.425064087
data_N_BaIoT.csv,OCSVM,local,Normalizer,92.33417104,99.02746282,79.78571429,0.440804247,0.87610542,0.985230406,0.788743497,0.005784988,0.13978672
data_N_BaIoT.csv,LOF,local,Normalizer,97.56348817,99.68923049,93.5,0.701221446,0.963232323,0.98806366,0.939618477,0.002503395,0.18139863
data_N_BaIoT.csv,DeepSVDD,local,Normalizer,94.02162189,99.25014057,81.95714286,0.476821902,0.890658817,0.987711214,0.810972726,0.412434101,0.007983685
data_N_BaIoT.csv,HBOS,local,Normalizer,95.38678167,99.46918189,84.14285714,0.503674612,0.905257767,0.986971897,0.836039729,0.014529705,0.046152353
data_N_BaIoT.csv,PCA,local,Normalizer,98.10729886,99.77094492,94.04285714,0.722979357,0.966357402,0.989590218,0.944190446,0.016120672,0.096759796
data_N_BaIoT.csv,LODA,local,Normalizer,92.56005794,99.0898032,78.11428571,0.436185083,0.863991477,0.98882341,0.767144884,0.016604662,0.073257446
data_N_BaIoT.csv,ECOD,local,Normalizer,97.1115224,99.67056402,23.57142857,0.130852233,0.270719738,1,0.156550528,0.006132126,0.3516078
data_N_BaIoT.csv,COPOD,local,Normalizer,95.00349263,99.42563212,21.31428571,0.118443717,0.232655336,1,0.131641179,0.005389929,0.329965591
data_N_BaIoT.csv,AutoEncoder,local,Normalizer,99.50902864,99.90798744,98.52857143,0.910856917,0.991943684,0.984321639,0.999684692,0.634732723,2.363399029
data_N_BaIoT.csv,DevNet,local,Normalizer,50.13103048,92.90244229,31.3,0.120688137,0.396990596,0.96997549,0.249566451,0.171668291,0.126246214
data_N_BaIoT.csv,LUNAR,local,Normalizer,99.36079298,99.87013212,98.74285714,0.924210363,0.993109928,0.986467569,0.999842346,1.996300459,0.180003643
data_N_BaIoT.csv,AE1SVM,local,Normalizer,98.71994224,99.82459749,97.64285714,0.864573821,0.986961675,0.989385298,0.984549898,3.457931042,2.498040676
data_N_BaIoT.csv,ALAD,local,Normalizer,50.64578194,90.84554134,16.64285714,-0.000421308,0.16272062,0.905750799,0.089389879,4.57197094,0.033850193
data_N_BaIoT.csv,CBLOF,cluster,Normalizer,99.69834087,99.93691847,98.87142857,0.93273728,0.993805379,0.987687032,1,0.951695204,0.090440512
data_N_BaIoT.csv,KNN,cluster,Normalizer,99.84917044,99.96844928,98.97142857,0.938822942,0.994351169,0.988765798,1,0.010246277,0.794422388
data_N_BaIoT.csv,IForest,cluster,Normalizer,97.2080465,99.69871477,92.11428571,0.658738596,0.95505618,0.986543314,0.925516806,0.137600899,0.357201815
data_N_BaIoT.csv,OCSVM,cluster,Normalizer,99.54751131,99.90540754,98.75714286,0.925749668,0.993182352,0.986457036,1,0.00586009,0.131858587
data_N_BaIoT.csv,LOF,cluster,Normalizer,99.32126697,99.85817838,98.87142857,0.93273728,0.993805379,0.987687032,1,0.003109217,0.100365162
data_N_BaIoT.csv,DeepSVDD,cluster,Normalizer,98.6654785,99.78006626,97.08571429,0.843979042,0.983770883,0.991978181,0.97569828,0.432416201,0.007827997
data_N_BaIoT.csv,HBOS,cluster,Normalizer,95.79939549,99.5217924,91.38571429,0.633536027,0.950779528,0.984781874,0.919046868,0.014258623,0.038078308
data_N_BaIoT.csv,PCA,cluster,Normalizer,99.19641665,99.90175511,98.12857143,0.889077313,0.989685852,0.987586424,0.991794224,0.007876635,0.100486755
data_N_BaIoT.csv,LODA,cluster,Normalizer,99.41071268,99.9245676,98.7,0.922168768,0.992866661,0.986448598,0.999368786,0.014071703,0.044461727
data_N_BaIoT.csv,ECOD,cluster,Normalizer,8.122708668,77.50419103,9.714285714,-0.511288855,0.1239257,0.509692132,0.07053811,0.005376816,0.32659173
data_N_BaIoT.csv,COPOD,cluster,Normalizer,8.758563451,77.52000962,9.028571429,-0.513823498,0.105115233,0.480102696,0.059018463,0.004348755,0.325280666
data_N_BaIoT.csv,AutoEncoder,cluster,Normalizer,99.45689933,99.88725241,98.58571429,0.91520129,0.992249276,0.984617775,1,0.592960358,2.554822683
data_N_BaIoT.csv,DevNet,cluster,Normalizer,0.150924768,90.51430966,8.628571429,-0.285036235,0,0,0,0.205569983,0.133905888
data_N_BaIoT.csv,LUNAR,cluster,Normalizer,99.99926216,99.99992278,98.38571429,0.902789661,0.9911629,0.98248062,1,1.913874388,0.206295252
data_N_BaIoT.csv,AE1SVM,cluster,Normalizer,98.97223113,99.82059208,98.75714286,0.926778187,0.993144748,0.991816179,0.994476882,3.351988077,1.854764223
data_N_BaIoT.csv,ALAD,cluster,Normalizer,73.52336621,96.57578849,52.72857143,0.224682332,0.651940675,0.977602524,0.489032665,3.933101416,0.038728952
data_N_BaIoT.csv,CBLOF,global,Normalizer,99.98961618,99.99892963,99.12857143,0.947306711,0.995220559,0.990486588,1,0.924606085,0.08961606
data_N_BaIoT.csv,KNN,global,Normalizer,100,100,99.47142857,0.968259943,0.997095533,0.99420789,1,0.013159037,0.883546352
data_N_BaIoT.csv,IForest,global,Normalizer,99.9961182,99.99960194,99.28571429,0.956947706,0.996079046,0.992188721,1,0.191232204,0.525423765
data_N_BaIoT.csv,OCSVM,global,Normalizer,99.3271142,99.91546723,98.81428571,0.92774853,0.993499883,0.988314117,0.998740356,0.00723815,0.150400162
data_N_BaIoT.csv,LOF,global,Normalizer,100,100,99.18571429,0.950820003,0.995532565,0.991104869,1,0.006675005,0.174897671
data_N_BaIoT.csv,DeepSVDD,global,Normalizer,97.66424806,99.72115804,93.57142857,0.707005095,0.963633425,0.989872157,0.938749803,0.486176729,0.007178068
data_N_BaIoT.csv,HBOS,global,Normalizer,99.99975739,99.99997521,99.14285714,0.948185843,0.995298543,0.990641086,1,0.014952421,0.044820547
data_N_BaIoT.csv,PCA,global,Normalizer,99.99835023,99.99983054,99.22857143,0.953449343,0.995766698,0.991569087,1,0.011115074,0.098413229
data_N_BaIoT.csv,LODA,global,Normalizer,98.82837567,99.80355978,99.12857143,0.947306711,0.995220559,0.990486588,1,0.109898806,0.271997452
data_N_BaIoT.csv,ECOD,global,Normalizer,99.97663642,99.99744187,9.271428571,0,0,0,0,0.005663395,0.339461565
data_N_BaIoT.csv,COPOD,global,Normalizer,99.99978165,99.99997769,9.4,0.011469722,0.002830189,1,0.0014171,0.004553795,0.316802979
data_N_BaIoT.csv,AutoEncoder,global,Normalizer,99.9229584,99.98425693,99.22857143,0.953449343,0.995766698,0.991569087,1,0.538263798,1.947829962
data_N_BaIoT.csv,DevNet,global,Normalizer,24.11000633,82.85877619,9.485714286,-0.201203138,0.029114312,0.542857143,0.014958274,0.174907684,0.143821955
data_N_BaIoT.csv,LUNAR,global,Normalizer,99.15254237,99.8270984,96.94285714,0.80524117,0.983431403,0.967402894,1,1.363824606,0.249495029
data_N_BaIoT.csv,AE1SVM,global,Normalizer,100,100,99.15714286,0.949064435,0.995376538,0.990795632,1,4.215680599,2.565620661
data_N_BaIoT.csv,ALAD,global,Normalizer,54.52936934,92.25915745,24.58571429,0.044265709,0.303837531,0.935064935,0.181388758,5.436535835,0.033717632
data_CICIoT2023.csv,CBLOF,local,Normalizer,69.5107628,98.47437187,46.18571429,0.064972615,0.619763803,0.980830671,0.453002804,0.262538671,0.084157467
data_CICIoT2023.csv,KNN,local,Normalizer,70.90336545,98.53628884,40.92857143,0.100013882,0.563404076,0.990348924,0.393684521,0.000667572,0.523118496
data_CICIoT2023.csv,IForest,local,Normalizer,94.93141865,99.74606165,96.37142857,0.585878283,0.981036285,0.992897083,0.969455511,0.119445324,0.25571537
data_CICIoT2023.csv,OCSVM,local,Normalizer,63.13652548,98.20890966,34.48571429,0.074289118,0.491912253,0.98710538,0.327578575,0.000963926,0.035776854
data_CICIoT2023.csv,LOF,local,Normalizer,87.49023173,99.47994721,71.6,0.225834468,0.828886211,0.994629209,0.710491368,0.000744343,0.066259623
data_CICIoT2023.csv,DeepSVDD,local,Normalizer,94.06658369,99.73406859,89.58571429,0.386201939,0.943492752,0.993794905,0.89803748,0.208981991,0.00328064
data_CICIoT2023.csv,HBOS,local,Normalizer,89.42284342,99.3987387,90.84285714,0.377782216,0.95077939,0.991194364,0.913531061,0.005161762,0.015879631
data_CICIoT2023.csv,PCA,local,Normalizer,97.54643608,99.87765849,99.07142857,0.843378249,0.995211786,0.99367461,0.996753726,0.000991583,0.010428905
data_CICIoT2023.csv,LODA,local,Normalizer,60.45609953,97.70044719,21.27142857,0.039179491,0.318704413,0.982469512,0.190202154,0.00960803,0.073835611
data_CICIoT2023.csv,ECOD,local,Normalizer,98.12091941,99.93003488,20.81428571,0.083917773,0.308076395,1,0.182086469,0.001540899,0.105204821
data_CICIoT2023.csv,COPOD,local,Normalizer,92.45065908,99.67973479,20.21428571,0.082178557,0.299159242,1,0.175889036,0.001248121,0.092102289
data_CICIoT2023.csv,AutoEncoder,local,Normalizer,97.65260499,99.85286491,99.24285714,0.870993947,0.996098638,0.993830787,0.998376863,0.218111038,1.965479374
data_CICIoT2023.csv,DevNet,local,Normalizer,54.5032294,97.75738413,30.42857143,0.067688172,0.442408976,0.987225345,0.285081895,0.074100971,0.104450226
data_CICIoT2023.csv,LUNAR,local,Normalizer,99.06820153,99.94642957,99.02857143,0.841839832,0.994983771,0.994836997,0.995130589,1.27321744,0.108166933
data_CICIoT2023.csv,AE1SVM,local,Normalizer,96.33546862,99.76073219,99.3,0.880449931,0.996394673,0.993689463,0.999114653,1.517493486,1.990601301
data_CICIoT2023.csv,ALAD,local,Normalizer,51.7427384,97.08716958,13.92857143,-0.026944411,0.207549651,0.955205811,0.116423196,4.967980146,0.026765823
data_CICIoT2023.csv,CBLOF,cluster,Normalizer,99.1416309,99.94092453,99.37142857,0.897729692,0.996759464,0.993539862,1,0.256760597,0.089106798
data_CICIoT2023.csv,KNN,cluster,Normalizer,99.1416309,99.94092453,99.68571429,0.950076227,0.998377102,0.996759464,1,0.000798941,0.536908627
data_CICIoT2023.csv,IForest,cluster,Normalizer,59.27395699,97.84748528,43.34285714,0.087416495,0.589100705,0.985441941,0.420127087,0.120941877,0.25168705
data_CICIoT2023.csv,OCSVM,cluster,Normalizer,99.35622318,99.95568685,99.64285714,0.943089602,0.998156206,0.996319199,1,0.00084734,0.033229589
data_CICIoT2023.csv,LOF,cluster,Normalizer,98.92703863,99.92616657,99.58571429,0.93370251,0.99786183,0.995732784,1,0.000716925,0.023109436
data_CICIoT2023.csv,DeepSVDD,cluster,Normalizer,95.29127405,99.70072596,98.94285714,0.837116734,0.994530673,0.994824782,0.994236737,0.197240829,0.003733635
data_CICIoT2023.csv,HBOS,cluster,Normalizer,65.15670912,97.96631075,47.55714286,0.076678142,0.632201182,0.981642813,0.46623319,0.004932404,0.013056278
data_CICIoT2023.csv,PCA,cluster,Normalizer,95.77053119,99.71010383,99.44285714,0.909860938,0.997126648,0.994269762,1,0.000993729,0.010671854
data_CICIoT2023.csv,LODA,cluster,Normalizer,37.95289688,96.66593276,17.7,0.026779916,0.263205013,0.978136882,0.152061475,0.010601282,0.08502841
data_CICIoT2023.csv,ECOD,cluster,Normalizer,44.44746057,96.0946043,13.47142857,-0.025206544,0.197642072,0.953964194,0.110240875,0.00151062,0.117803574
data_CICIoT2023.csv,COPOD,cluster,Normalizer,56.28368166,97.62722898,14.38571429,0.046048132,0.206960434,0.989873418,0.11556081,0.001214981,0.094585657
data_CICIoT2023.csv,AutoEncoder,cluster,Normalizer,94.20600858,99.60259052,99.42857143,0.907446243,0.99705319,0.994123696,1,0.212273121,2.46427536
data_CICIoT2023.csv,DevNet,cluster,Normalizer,1.072961373,96.67142857,3.142857143,-0.232459036,0,0,0,0.099031687,0.134804964
data_CICIoT2023.csv,LUNAR,cluster,Normalizer,99.57081545,99.97045354,99.88571429,0.98210232,0.999409245,0.998819188,1,1.864443541,0.129588366
data_CICIoT2023.csv,AE1SVM,cluster,Normalizer,98.06866953,99.86717828,99.44285714,0.909860938,0.997126648,0.994269762,1,1.192146778,2.467741251
data_CICIoT2023.csv,ALAD,cluster,Normalizer,68.36684085,98.48249138,39.82857143,0.112558466,0.549903826,0.993052875,0.380227575,4.855386019,0.033307314
data_CICIoT2023.csv,CBLOF,global,Normalizer,98.39704797,99.92068873,98.3,0.769406134,0.991172762,0.996271995,0.986125461,0.266038656,0.088583469
data_CICIoT2023.csv,KNN,global,Normalizer,98.81161132,99.93391893,97.54285714,0.726406519,0.987164179,0.998339623,0.976236162,0.000653744,0.502444744
data_CICIoT2023.csv,IForest,global,Normalizer,99.33146371,99.95974504,99.55714286,0.927625857,0.997713696,0.997051887,0.998376384,0.127645254,0.273971796
data_CICIoT2023.csv,OCSVM,global,Normalizer,63.94909389,98.46735512,47.35714286,0.132842491,0.627890538,0.993925831,0.458892989,0.000959873,0.036753178
data_CICIoT2023.csv,LOF,global,Normalizer,95.16841328,99.77617263,90.97142857,0.43763267,0.951279679,0.995643053,0.910701107,0.000741959,0.033953667
data_CICIoT2023.csv,DeepSVDD,global,Normalizer,97.21170972,99.89417285,88.24285714,0.405478058,0.935496512,0.997326203,0.880885609,0.192078829,0.003599882
data_CICIoT2023.csv,HBOS,global,Normalizer,97.09661337,99.80775161,99.45714286,0.909106995,0.997203415,0.994422428,1,0.004906416,0.015963078
data_CICIoT2023.csv,PCA,global,Normalizer,99.0995654,99.94047562,99.74285714,0.957894669,0.998673349,0.997350213,1,0.001001835,0.010445595
data_CICIoT2023.csv,LODA,global,Normalizer,81.23860599,99.29026002,69.68571429,0.223894713,0.814995641,0.995527157,0.689889299,0.00969553,0.14959383
data_CICIoT2023.csv,ECOD,global,Normalizer,99.90881509,99.99680801,7.971428571,0.040728039,0.093697243,1,0.049151292,0.001535177,0.105615616
data_CICIoT2023.csv,COPOD,global,Normalizer,99.19416154,99.96192245,6.657142857,0.034411524,0.068700114,1,0.035571956,0.001257896,0.096879721
data_CICIoT2023.csv,AutoEncoder,global,Normalizer,98.44388684,99.89675953,99.64285714,0.941074341,0.998158379,0.996323529,1,0.274807453,2.51240778
data_CICIoT2023.csv,DevNet,global,Normalizer,25.69341533,95.44662316,13.77142857,0.003324013,0.201798466,0.969504447,0.112619926,0.101950169,0.120021343
data_CICIoT2023.csv,LUNAR,global,Normalizer,99.33248052,99.95570436,99.77142857,0.962652778,0.998820581,0.997643941,1,1.257409573,0.085673332
data_CICIoT2023.csv,AE1SVM,global,Normalizer,99.33074211,99.95561065,99.57142857,0.928895014,0.997790869,0.995591477,1,1.286364079,2.49968648
data_CICIoT2023.csv,ALAD,global,Normalizer,53.70519065,97.32862665,17.27142857,0.027431583,0.257659274,0.979532164,0.148339483,5.544254303,0.033446074
data_BoTIoT.csv,CBLOF,local,Normalizer,96.89767014,98.83091774,98.75714286,0.930586413,0.993111094,0.988804793,0.997455066,0.275285721,0.082676888
data_BoTIoT.csv,KNN,local,Normalizer,97.11658176,99.04290871,97.87142857,0.887529454,0.988105692,0.991826923,0.984412279,0.005692005,0.541679621
data_BoTIoT.csv,IForest,local,Normalizer,99.48113061,99.91094669,98.74285714,0.930478619,0.993013655,0.991282295,0.994751074,0.13036561,0.256350994
data_BoTIoT.csv,OCSVM,local,Normalizer,86.97269528,96.67359236,23.61428571,0.054474508,0.27380144,0.936802974,0.160330841,0.004369736,0.104287863
data_BoTIoT.csv,LOF,local,Normalizer,97.43565776,99.04375142,98.51428571,0.91751572,0.991748651,0.9893937,0.99411484,0.002360582,0.099237442
data_BoTIoT.csv,DeepSVDD,local,Normalizer,97.12880672,99.61012516,91.92857143,0.683374948,0.953371297,0.990737564,0.918721171,0.457831621,0.002706289
data_BoTIoT.csv,HBOS,local,Normalizer,99.36675582,99.88714798,98.74285714,0.92968335,0.993042378,0.987266153,0.998886591,0.003511906,0.009792089
data_BoTIoT.csv,PCA,local,Normalizer,99.1865603,99.77470324,98.9,0.93867256,0.993909673,0.988514789,0.999363767,0.000959873,0.005607605
data_BoTIoT.csv,LODA,local,Normalizer,89.56936228,98.12100605,71.07142857,0.374960355,0.81030445,0.985642662,0.687927469,0.010414362,0.148836613
data_BoTIoT.csv,ECOD,local,Normalizer,99.60338025,99.94567776,32.68571429,0.181452703,0.400661409,1,0.25051694,0.002152443,0.079367638
data_BoTIoT.csv,COPOD,local,Normalizer,98.55582581,99.75060463,25.87142857,0.142972811,0.297739884,0.998185118,0.174964212,0.001766682,0.060731888
data_BoTIoT.csv,AutoEncoder,local,Normalizer,99.62754017,99.93146195,98.65714286,0.924778229,0.992573866,0.98603045,0.999204708,0.541827202,1.883341789
data_BoTIoT.csv,DevNet,local,Normalizer,52.70858788,92.56777569,35.27142857,0.118462822,0.448179272,0.956340956,0.292667409,0.157565117,0.132155895
data_BoTIoT.csv,LUNAR,local,Normalizer,99.70834093,99.9414063,98.62857143,0.923126638,0.992415863,0.985873489,0.99904565,1.073006392,0.197744131
data_BoTIoT.csv,AE1SVM,local,Normalizer,99.82917398,99.96981334,98.87142857,0.937038392,0.993751483,0.988357458,0.999204708,3.619139194,2.285084963
data_BoTIoT.csv,ALAD,local,Normalizer,50.15209818,90.07007293,19.78571429,-0.002352432,0.213034338,0.896226415,0.120884365,4.986540794,0.042375326
data_BoTIoT.csv,CBLOF,cluster,Normalizer,99.93055556,99.98407897,98.75714286,0.931210799,0.993120898,0.986335794,1,0.291530848,0.081090212
data_BoTIoT.csv,KNN,cluster,Normalizer,99.93055556,99.98407897,99.05714286,0.948096218,0.994772691,0.989599748,1,0.022040367,0.590924263
data_BoTIoT.csv,IForest,cluster,Normalizer,94.54280564,98.81551705,86.47142857,0.558761525,0.919479636,0.986498814,0.860987261,0.131602764,0.257244349
data_BoTIoT.csv,OCSVM,cluster,Normalizer,99.93055556,99.98407897,99.02857143,0.946496282,0.994615141,0.989287965,1,0.004146576,0.099293947
data_BoTIoT.csv,LOF,cluster,Normalizer,99.93055556,99.98407897,99.11428571,0.95129103,0.995087942,0.990223904,1,0.002902985,0.073107481
data_BoTIoT.csv,DeepSVDD,cluster,Normalizer,99.93055556,99.98407897,99.08571429,0.949694464,0.994930292,0.989911728,1,0.471951723,0.002683163
data_BoTIoT.csv,HBOS,cluster,Normalizer,96.61866375,98.98912572,98.21428571,0.9005029,0.990097441,0.985180514,0.995063694,0.003511667,0.00797987
data_BoTIoT.csv,PCA,cluster,Normalizer,99.86111111,99.96816301,99.02857143,0.946496282,0.994615141,0.989287965,1,0.000988722,0.006340265
data_BoTIoT.csv,LODA,cluster,Normalizer,77.22635793,95.69691174,46.68571429,0.181421302,0.585977369,0.965983906,0.420541401,0.011422634,0.042552233
data_BoTIoT.csv,ECOD,cluster,Normalizer,28.77222665,83.50204124,16.77142857,-0.138183683,0.178047404,0.780940594,0.100477707,0.002184868,0.073717594
data_BoTIoT.csv,COPOD,cluster,Normalizer,27.9964172,84.10432419,17.97142857,-0.116198149,0.198492462,0.804298643,0.113216561,0.001790524,0.065054893
data_BoTIoT.csv,AutoEncoder,cluster,Normalizer,99.86111111,99.96816301,98.4,0.910850246,0.991161616,0.982478098,1,0.666787386,2.419952631
data_BoTIoT.csv,DevNet,cluster,Normalizer,0.069444444,89.71428571,8.985714286,-0.338943003,0,0,0,0.162531614,0.157907486
data_BoTIoT.csv,LUNAR,cluster,Normalizer,99.93055556,99.98407897,98.72857143,0.929592538,0.992963871,0.986026064,1,1.677630901,0.112695217
data_BoTIoT.csv,AE1SVM,cluster,Normalizer,99.93055556,99.98407897,98.9,0.939275414,0.993906782,0.987887368,1,3.651441336,2.15118885
data_BoTIoT.csv,ALAD,cluster,Normalizer,65.40285518,94.60250558,40.08571429,0.141311241,0.5095884,0.959066901,0.346974522,5.698280096,0.029550314
data_BoTIoT.csv,CBLOF,global,Normalizer,99.71711457,99.93647769,98.97142857,0.942338245,0.994311898,0.988688138,1,0.268398046,0.087513924
data_BoTIoT.csv,KNN,global,Normalizer,99.92927864,99.98411185,99.25714286,0.958570359,0.995885425,0.991804571,1,0.003356457,0.596657276
data_BoTIoT.csv,IForest,global,Normalizer,99.49570154,99.88721795,98.85714286,0.935795538,0.993683878,0.987447042,1,0.130418777,0.238591433
data_BoTIoT.csv,OCSVM,global,Normalizer,99.71711457,99.93647769,99.2,0.955337861,0.995570321,0.991179713,1,0.004679203,0.10469985
data_BoTIoT.csv,LOF,global,Normalizer,99.78783593,99.9523507,99.25714286,0.958570359,0.995885425,0.991804571,1,0.002573252,0.109250307
data_BoTIoT.csv,DeepSVDD,global,Normalizer,99.57567185,99.90474679,98.64285714,0.923447939,0.992508477,0.985128366,1,0.521507025,0.002893448
data_BoTIoT.csv,HBOS,global,Normalizer,99.15111894,99.80963462,98.82857143,0.934155281,0.993526997,0.987137255,1,0.004421234,0.012579679
data_BoTIoT.csv,PCA,global,Normalizer,99.64639321,99.92060972,98.97142857,0.942338245,0.994311898,0.988688138,1,0.001120329,0.005819559
data_BoTIoT.csv,LODA,global,Normalizer,98.69276183,99.69888604,99.34285714,0.963406368,0.996358455,0.992743335,1,0.011230469,0.158995152
data_BoTIoT.csv,ECOD,global,Normalizer,99.33241196,99.91628704,30.5,0.169683413,0.369900272,1,0.226918799,0.010321856,0.094987869
data_BoTIoT.csv,COPOD,global,Normalizer,98.09601877,99.7310072,26.9,0.149503635,0.315084995,0.999151104,0.187033212,0.001825809,0.064617634
data_BoTIoT.csv,AutoEncoder,global,Normalizer,98.93917963,99.76220672,98.61428571,0.921793513,0.992351967,0.984820031,1,0.635979176,2.344790697
data_BoTIoT.csv,DevNet,global,Normalizer,0.282997812,89.87149626,8.614285714,-0.366384593,0,0,0,0.16757226,0.150171041
data_BoTIoT.csv,LUNAR,global,Normalizer,98.93917963,99.76220672,92.15714286,0.453373537,0.958203274,0.919760304,1,1.453276396,0.257894039
data_BoTIoT.csv,AE1SVM,global,Normalizer,99.78783593,99.9523507,98.72857143,0.928399711,0.992978304,0.986054528,1,3.883671761,1.978331327
data_BoTIoT.csv,ALAD,global,Normalizer,50.35978774,90.15080146,20.04285714,0.016370418,0.215776937,0.912322275,0.122358176,5.160650492,0.031644583
data_N_BaIoT.csv,SO_GAAL,local,StandardScaler,62.10390778,94.32607696,42.61428571,0.156973149,0.544196074,0.966935484,0.378651508,0.878348589,0.003739595
data_N_BaIoT.csv,MO_GAAL,local,StandardScaler,62.34615994,94.40183565,43.58571429,0.17702463,0.553634,0.974144789,0.386704563,1.207420826,0.01561141
data_N_BaIoT.csv,SO_GAAL,cluster,StandardScaler,98.89415482,99.78059865,99.14285714,0.946975473,0.995310302,0.990664385,1,0.242223263,0.003314734
data_N_BaIoT.csv,MO_GAAL,cluster,StandardScaler,99.68404423,99.93721551,98.98571429,0.93704024,0.994455291,0.98897173,1,0.926542044,0.003892422
data_N_BaIoT.csv,SO_GAAL,global,StandardScaler,73.03850169,96.78792057,64.2,0.291065426,0.758014677,0.980514614,0.617818354,0.351128817,0.012008429
data_N_BaIoT.csv,MO_GAAL,global,StandardScaler,67.76278704,96.48368171,63.98571429,0.313150138,0.75479039,0.987780041,0.610735086,1.231704473,0.008325338
data_CICIoT2023.csv,SO_GAAL,local,StandardScaler,61.48926609,98.19185651,37.8,0.087433086,0.529399049,0.988696003,0.361476015,0.106080055,0.002477407
data_CICIoT2023.csv,MO_GAAL,local,StandardScaler,65.04701927,98.32971072,31.6,0.087418397,0.455537867,0.992075285,0.295645756,1.816865206,0.005381107
data_CICIoT2023.csv,SO_GAAL,cluster,StandardScaler,85.94234277,99.54368784,84.32857143,0.32418445,0.912457106,0.995993031,0.841849507,0.098839283,0.007099152
data_CICIoT2023.csv,MO_GAAL,cluster,StandardScaler,87.45130587,99.59432218,84.01428571,0.327953829,0.910487161,0.996672504,0.83802091,1.59725523,0.005777597
data_CICIoT2023.csv,SO_GAAL,global,StandardScaler,77.94468298,99.15855667,62.05714286,0.184351482,0.757531495,0.995680346,0.611315751,0.098166704,0.002848625
data_CICIoT2023.csv,MO_GAAL,global,StandardScaler,65.08960447,98.49405981,39.98571429,0.098023428,0.553986623,0.991261398,0.384411375,1.902480125,0.002975941
data_BoTIoT.csv,SO_GAAL,local,StandardScaler,59.99143959,94.43416935,43.12857143,0.153246143,0.552746882,0.966601179,0.387035872,0.155027151,0.001526356
data_BoTIoT.csv,MO_GAAL,local,StandardScaler,55.83161751,93.79619855,35.05714286,0.122496107,0.452421103,0.965056526,0.295468848,2.182905912,0.009045362
data_BoTIoT.csv,SO_GAAL,cluster,StandardScaler,99.5412844,99.90554156,99.34285714,0.960714988,0.996388758,0.992803504,1,0.189887047,0.001729965
data_BoTIoT.csv,MO_GAAL,cluster,StandardScaler,99.70480333,99.9630053,98.8,0.927451714,0.993410731,0.989065917,0.997793886,2.162482262,0.008206606
data_BoTIoT.csv,SO_GAAL,global,StandardScaler,58.98677601,95.23519875,54.3,0.222574528,0.668669083,0.974637681,0.508907457,0.195562363,0.00159359
data_BoTIoT.csv,MO_GAAL,global,StandardScaler,38.0771742,91.80628097,34.11428571,0.118776828,0.438246041,0.963577933,0.283619738,2.053565025,0.00518012
data_N_BaIoT.csv,SO_GAAL,local,MinMaxScaler,47.71070816,92.45157098,31.54285714,0.104963559,0.404572565,0.961606615,0.256176239,0.249760151,0.003725052
data_N_BaIoT.csv,MO_GAAL,local,MinMaxScaler,46.83151276,92.27446841,33.5,0.102188185,0.433353621,0.956989247,0.280094414,1.935800552,0.008219719
data_N_BaIoT.csv,SO_GAAL,cluster,MinMaxScaler,99.92420658,99.98422464,99.01428571,0.941176914,0.994587811,0.98923389,1,0.199908733,0.00367713
data_N_BaIoT.csv,MO_GAAL,cluster,MinMaxScaler,94.68279801,99.4791903,94,0.708027009,0.966243369,0.985086857,0.948107256,2.019920111,0.005359173
data_N_BaIoT.csv,SO_GAAL,global,MinMaxScaler,13.78543416,81.9000554,12.17142857,-0.092947156,0.083755589,0.791549296,0.044217152,0.212746143,0.003136873
data_N_BaIoT.csv,MO_GAAL,global,MinMaxScaler,5.37932044,76.90624209,8.314285714,-0.30354598,0.007423446,0.216216216,0.003776554,1.899534225,0.006498814
data_CICIoT2023.csv,SO_GAAL,local,MinMaxScaler,47.69247858,96.74623476,17.07142857,-0.006996165,0.257007552,0.964457253,0.148257531,0.094148636,0.002194166
data_CICIoT2023.csv,MO_GAAL,local,MinMaxScaler,47.89406327,97.08298,25.57142857,0.018473093,0.381382095,0.973333333,0.237152983,1.725348949,0.001956463
data_CICIoT2023.csv,SO_GAAL,cluster,MinMaxScaler,99.17355372,99.9408459,99.78571429,0.967439469,0.998891434,0.997785324,1,0.109561443,0.002710104
data_CICIoT2023.csv,MO_GAAL,cluster,MinMaxScaler,76.62932087,98.9498036,57.65714286,0.166649072,0.720535546,0.992983368,0.565403966,0.77703023,0.002938271
data_CICIoT2023.csv,SO_GAAL,global,MinMaxScaler,34.14758804,96.18076761,16.44285714,0.013521924,0.246554167,0.974541752,0.141129627,0.128299952,0.002845287
data_CICIoT2023.csv,MO_GAAL,global,MinMaxScaler,22.44752495,94.47260997,8.285714286,-0.070403936,0.109570042,0.920745921,0.058250995,0.910601854,0.008696079
data_BoTIoT.csv,SO_GAAL,local,MinMaxScaler,49.25481486,92.68245026,29.28571429,0.096187385,0.373417722,0.961538462,0.231699654,0.167877197,0.001627684
data_BoTIoT.csv,MO_GAAL,local,MinMaxScaler,48.61918007,92.36108508,27.64285714,0.080796317,0.350224503,0.955213436,0.214420358,1.814283133,0.001796961
data_BoTIoT.csv,SO_GAAL,cluster,MinMaxScaler,96.96417046,99.673411,96.35714286,0.80408402,0.979715218,0.987967271,0.971599874,0.153696775,0.001577139
data_BoTIoT.csv,MO_GAAL,cluster,MinMaxScaler,96.26825297,99.63598092,94.5,0.72811998,0.969108561,0.985959184,0.952824235,1.712691069,0.001524687
data_BoTIoT.csv,SO_GAAL,global,MinMaxScaler,16.58740782,83.25278646,13.54285714,-0.054156758,0.105263158,0.843601896,0.056133712,0.16457963,0.001295567
data_BoTIoT.csv,MO_GAAL,global,MinMaxScaler,10.26275594,81.55723946,11.34285714,-0.107482568,0.06168733,0.75,0.032166509,2.097854376,0.001613379
data_N_BaIoT.csv,SO_GAAL,local,Normalizer,47.57642113,92.82780737,34.75714286,0.122778747,0.448895861,0.966233766,0.292360893,0.196449757,0.008774519
data_N_BaIoT.csv,MO_GAAL,local,Normalizer,38.15733652,90.57951405,25.48571429,0.061595868,0.317813236,0.946261682,0.19097768,1.941601038,0.0062778
data_N_BaIoT.csv,SO_GAAL,cluster,Normalizer,70.67813743,96.53826056,56.32857143,0.247939178,0.687838252,0.981638006,0.529393273,0.187668562,0.002654076
data_N_BaIoT.csv,MO_GAAL,cluster,Normalizer,5.590218273,78.59496155,7.957142857,-0.340456469,0.003094538,0.099009901,0.001571833,1.710557461,0.005490065
data_N_BaIoT.csv,SO_GAAL,global,Normalizer,71.86789814,96.92697081,60.98571429,0.281948942,0.730271605,0.985341151,0.580103562,0.206178904,0.004112959
data_N_BaIoT.csv,MO_GAAL,global,Normalizer,35.93650796,90.36602085,24.28571429,0.079528119,0.29670913,0.961306965,0.175427585,2.006096601,0.005069017
data_CICIoT2023.csv,SO_GAAL,local,Normalizer,46.6832333,97.29423325,16.32857143,0.042882622,0.243965406,0.988493724,0.139154764,0.107162952,0.002995968
data_CICIoT2023.csv,MO_GAAL,local,Normalizer,42.40917651,96.90237254,11.25714286,0.029390856,0.158949364,0.986554622,0.086437933,1.848306894,0.004332542
data_CICIoT2023.csv,SO_GAAL,cluster,Normalizer,100,100,99.85714286,0.976804597,0.999262537,0.998526161,1,0.093715906,0.002199888
data_CICIoT2023.csv,MO_GAAL,cluster,Normalizer,99.67911439,99.98192529,99.54285714,0.924952914,0.997640466,0.996758509,0.998523985,1.862781525,0.002518654
data_CICIoT2023.csv,SO_GAAL,global,Normalizer,65.10474402,98.43952268,45.64285714,0.11664076,0.611774309,0.991730069,0.442313367,0.086455584,0.002634048
data_CICIoT2023.csv,MO_GAAL,global,Normalizer,66.51720325,98.63178675,61.85714286,0.15126782,0.756608933,0.989980916,0.612275007,1.672772884,0.002054214
data_BoTIoT.csv,SO_GAAL,local,Normalizer,52.12312549,92.79637184,33.52857143,0.114465666,0.429569695,0.961580681,0.2765588,0.154233456,0.001256943
data_BoTIoT.csv,MO_GAAL,local,Normalizer,46.25757369,91.56137728,31.34285714,0.078263771,0.403129657,0.945253349,0.256195738,1.751671791,0.003082275
data_BoTIoT.csv,SO_GAAL,cluster,Normalizer,99.92526158,99.9842072,99.11428571,0.947905605,0.995127318,0.990301893,1,0.140703678,0.001126528
data_BoTIoT.csv,MO_GAAL,cluster,Normalizer,99.70104634,99.93685872,98.94285714,0.937609532,0.994189698,0.988446526,1,1.446096659,0.003053427
data_BoTIoT.csv,SO_GAAL,global,Normalizer,99.6257485,99.92109831,98.82857143,0.930607508,0.993566609,0.987215466,1,0.17664814,0.001242161
data_BoTIoT.csv,MO_GAAL,global,Normalizer,99.8502994,99.96842438,99,0.94096827,0.994502906,0.989065917,1,0.842306614,0.001925945
data_N_BaIoT.csv,VAE,local,StandardScaler,93.91635305,98.54767362,91.74285714,0.658558675,0.952700491,0.988788857,0.91915364,3.469348669,1.180474997
data_N_BaIoT.csv,VAE,cluster,StandardScaler,99.92101106,99.98429648,99.2,0.950570901,0.995621579,0.991281333,1,1.749719858,1.462762117
data_N_BaIoT.csv,VAE,global,StandardScaler,99.84544049,99.96852872,98.87142857,0.931190287,0.993820884,0.987717662,1,1.448471785,1.335515499
data_CICIoT2023.csv,VAE,local,StandardScaler,96.84703567,99.85886115,91.31428571,0.451165824,0.953194765,0.996138375,0.913800738,0.412170887,1.246631384
data_CICIoT2023.csv,VAE,cluster,StandardScaler,100,100,99.8,0.964932564,0.998970285,0.997942689,1,0.394810677,0.529278517
data_CICIoT2023.csv,VAE,global,StandardScaler,99.29577465,99.95581738,99.54285714,0.919661625,0.997648096,0.99530723,1,0.335852146,0.47675705
data_BoTIoT.csv,VAE,local,StandardScaler,89.61254393,98.15969543,80.58571429,0.424316255,0.882449615,0.980019212,0.802548773,1.389596939,1.240777016
data_BoTIoT.csv,VAE,cluster,StandardScaler,99.7706422,99.95274846,98.85714286,0.930993707,0.993736298,0.987550576,1,1.326066971,1.049654245
data_BoTIoT.csv,VAE,global,StandardScaler,99.80451611,99.94136924,98.91428571,0.934800744,0.994044821,0.98816015,1,1.364138842,1.317990065
data_N_BaIoT.csv,VAE,local,MinMaxScaler,93.34333583,98.44863196,93.1,0.681956783,0.960994912,0.987060385,0.936270653,1.526153326,1.510723829
data_N_BaIoT.csv,VAE,cluster,MinMaxScaler,99.62121212,99.92119779,99.02857143,0.942046332,0.99466583,0.989388265,1,1.495911121,1.539591074
data_N_BaIoT.csv,VAE,global,MinMaxScaler,99.71131807,99.94713501,98.8,0.926510058,0.993434422,0.986954496,1,1.492776394,1.491863012
data_CICIoT2023.csv,VAE,local,MinMaxScaler,99.55793852,99.97660702,99.01428571,0.859240195,0.994890024,0.997920071,0.991878323,0.410037518,1.454378128
data_CICIoT2023.csv,VAE,cluster,MinMaxScaler,99.79338843,99.98520491,99.7,0.954145773,0.998448696,0.996902198,1,0.391057968,1.498643875
data_CICIoT2023.csv,VAE,global,MinMaxScaler,99.543379,99.97051452,99.57142857,0.926937125,0.997792819,0.99559536,1,0.41779232,1.365217209
data_BoTIoT.csv,VAE,local,MinMaxScaler,85.2047946,97.46615089,66.65714286,0.293989348,0.779478458,0.977951636,0.64797361,1.126473427,0.542680979
data_BoTIoT.csv,VAE,cluster,MinMaxScaler,99.8489426,99.96845426,98.97142857,0.938737385,0.994352055,0.988767551,1,1.354882479,1.06905961
data_BoTIoT.csv,VAE,global,MinMaxScaler,99.73171811,99.95314064,98.95714286,0.937518345,0.994277651,0.988620421,1,1.381402254,1.422080278
data_N_BaIoT.csv,VAE,local,Normalizer,98.97749569,99.88161624,97.8,0.869808692,0.987872106,0.98989899,0.985853505,1.511569262,1.275413752
data_N_BaIoT.csv,VAE,cluster,Normalizer,99.07479904,99.87011668,98.85714286,0.929326486,0.993742178,0.989099969,0.998428167,1.462549686,1.361580849
data_N_BaIoT.csv,VAE,global,Normalizer,99.99264241,99.99925908,99.34285714,0.959163331,0.996404003,0.992833775,1,1.843990803,1.516140699
data_CICIoT2023.csv,VAE,local,Normalizer,99.13261219,99.95442565,99.07142857,0.856341785,0.995200473,0.998074645,0.992342807,0.631625175,1.497408867
data_CICIoT2023.csv,VAE,cluster,Normalizer,95.5899303,99.73347497,99.38571429,0.89654189,0.996836607,0.993693165,1,0.429996967,1.492965698
data_CICIoT2023.csv,VAE,global,Normalizer,98.86044941,99.92560645,99.37142857,0.892541542,0.996764706,0.993550279,1,0.465076208,1.480685711
data_BoTIoT.csv,VAE,local,Normalizer,99.35538926,99.88911493,98.4,0.903812512,0.991225321,0.983978846,0.998579321,1.646176577,0.53606081
data_BoTIoT.csv,VAE,cluster,Normalizer,99.92526158,99.9842072,99.04285714,0.943624538,0.994736429,0.989527977,1,1.097470522,0.53612566
data_BoTIoT.csv,VAE,global,Normalizer,99.7005988,99.93686869,99.07142857,0.945263095,0.99489355,0.989838987,1,1.464047432,1.296370268
data_CICIoT2023.csv,VAE,local,QuantileTransformer,97.46851766,99.8979487,97.75714286,0.690559745,0.988359161,0.993886072,0.982893379,2.568874121,1.32869935
data_CICIoT2023.csv,VAE,cluster,QuantileTransformer,98.8317757,99.92637314,99.7,0.948201898,0.998455087,0.996914941,1,0.633406639,1.211794376
data_CICIoT2023.csv,VAE,global,QuantileTransformer,99.31506849,99.9557783,99.74285714,0.95675408,0.998674521,0.997352552,1,0.406553984,1.328653574
data_BoTIoT.csv,VAE,local,QuantileTransformer,85.0036293,97.88852609,59.61428571,0.259786506,0.717497752,0.977402668,0.566782444,1.588429689,1.179628611
data_BoTIoT.csv,VAE,cluster,QuantileTransformer,100,100,98.65714286,0.917382599,0.992659691,0.985426357,1,1.614729643,1.209805965
data_BoTIoT.csv,VAE,global,QuantileTransformer,99.37629557,99.88398095,98.72857143,0.923106819,0.993034359,0.986318408,0.999842396,1.43397069,1.302034855
